P00,P01,P02,P03,P04,P05,P06,P07,P08,P09,P10,P11,P12,P13,P14,P15,P16,P17,P18,P19,P20,P21,P22,P23,P24,P25,P26,P27,P28,P29,P30,P31,P32,P33,P34,P35,P36,P37,P38,P39,P40,P41,P42,P43,P44,P45,P46,P47,P48,P49,P50,P51,P52,P53,P54,P55,P56,P57,P58,P59,P60,P61,P62,P63,P64,P65,P66,P67,P68,P69,P70,P71,P72,P73,P74,P75,P76,P77,P78,P79,P80,P81,P82,P83,P84,P85,P86,P87,P88,P89,P90,P91,P92,P93,P94,P95,P96,P97,P98,P99,porosity,tortuosity,thermal_length,viscous_length,permeability,alpha_avg,alpha_max
1,1,0,0,1,1,1,1,1,1,1,1,0,1,1,0,1,1,1,1,1,1,0,0,0,0,0,0,0,0,1,1,0,0,0,0,0,0,1,0,1,0,0,0,0,0,0,0,1,1,1,1,0,0,0,0,0,0,0,1,0,1,0,0,0,0,0,0,1,1,0,0,0,0,0,0,0,0,1,1,1,1,1,1,0,1,1,0,1,1,1,1,1,1,1,1,0,0,1,1,0.490238108,2.532953739,0.000209235,0.000164127,7.67e-10,0.7252041394859919,0.8314571907938229
1,1,0,0,0,1,0,1,0,1,0,0,0,0,1,0,1,0,0,1,1,0,0,1,0,0,1,0,0,0,0,1,1,1,1,0,1,1,0,0,1,0,0,0,1,1,1,0,1,0,0,1,0,1,1,1,0,0,0,1,0,0,1,1,0,1,1,1,1,0,0,0,0,1,0,0,1,0,0,1,1,0,0,1,0,1,0,0,0,0,1,0,1,0,1,0,0,0,1,1,0.480467202,2.775457632,0.000201208,0.000121378,5.75e-10,0.8010858417775922,0.9207788291096748
1,1,0,0,0,0,0,0,1,1,1,1,1,0,1,0,0,0,1,1,0,0,1,0,1,1,1,1,1,0,0,0,1,1,1,1,1,0,0,0,0,0,1,1,1,1,1,1,1,0,0,1,1,1,1,1,1,1,0,0,0,0,0,1,1,1,1,1,0,0,0,1,1,1,1,1,0,1,0,0,1,1,0,0,0,1,0,1,1,1,1,1,0,0,0,0,0,0,1,1,0.490238268,2.529103716,0.000209235,0.000164817,7.63e-10,0.7246812415746539,0.8307768139704382
1,1,0,0,0,0,0,0,0,1,0,0,1,0,1,1,0,0,0,1,0,0,1,1,1,1,0,1,1,0,0,0,0,0,1,1,0,1,0,0,0,1,1,1,1,1,1,1,1,0,0,1,1,1,1,1,1,1,1,0,0,0,1,0,1,1,0,0,0,0,0,1,1,0,1,1,1,1,0,0,1,0,0,0,1,1,0,1,0,0,1,0,0,0,0,0,0,0,1,1,0.487446917,2.584010418,0.000206911,0.000152262,7.13e-10,0.7468485673387868,0.855466055847294
1,1,0,0,0,1,0,1,1,1,1,1,1,1,1,0,0,1,1,1,1,1,1,1,0,1,1,1,1,0,0,0,1,0,0,1,0,1,1,0,1,0,1,1,1,1,0,0,1,0,0,1,0,0,1,1,1,1,0,1,0,1,1,0,1,0,0,1,0,0,0,1,1,1,1,0,1,1,1,1,1,1,1,0,0,1,1,1,1,1,1,1,1,0,1,0,0,0,1,1,0.484654693,2.649270904,0.000204611,0.000139847,6.57e-10,0.769480264914674,0.8814299244229684
1,1,0,0,0,1,0,0,0,1,0,1,1,0,1,1,0,1,1,1,0,1,1,0,1,0,1,1,1,0,0,0,1,1,0,0,1,0,0,0,1,1,0,0,0,0,0,1,1,0,0,1,1,0,0,0,0,0,1,1,0,0,0,1,0,0,1,1,0,0,0,1,1,1,0,1,0,1,1,0,1,1,1,0,1,1,0,1,1,0,1,0,0,0,1,0,0,0,1,1,0.483259205,2.676766293,0.000203471,0.000135076,6.37e-10,0.7779522774539662,0.8914087387600322
1,1,0,0,0,0,1,0,0,1,0,0,0,0,1,1,1,1,0,1,0,1,0,1,0,1,1,0,0,0,1,1,1,1,0,1,1,1,0,0,0,1,1,1,0,0,0,0,1,0,0,1,0,0,0,0,1,1,1,0,0,0,1,1,1,0,1,1,1,1,0,0,0,1,1,0,1,0,1,0,1,0,1,1,1,1,0,0,0,0,1,0,0,1,0,0,0,0,1,1,0.484655041,2.632629814,0.000204611,0.000142307,6.7e-10,0.7649586045351634,0.8759726722042859
1,1,0,0,0,0,1,0,0,1,0,0,0,0,1,1,0,1,0,1,0,1,1,0,1,0,1,1,0,0,1,0,1,1,1,0,1,0,0,0,0,1,0,0,0,0,1,1,1,0,0,1,1,1,0,0,0,0,1,0,0,0,0,1,0,1,1,1,0,1,0,0,1,1,0,1,0,1,1,0,1,0,1,0,1,1,0,0,0,0,1,0,0,1,0,0,0,0,1,1,0.481863352,2.699531158,0.000202337,0.00013102,6.06e-10,0.78652384300073,0.901199407868953
1,1,0,0,0,1,0,1,1,1,1,1,1,1,0,0,0,0,1,1,1,0,1,0,1,0,1,1,1,0,0,0,1,1,1,1,1,0,1,0,1,0,0,1,1,1,1,1,0,0,0,0,1,1,1,1,1,0,0,1,0,1,0,1,1,1,1,1,0,0,0,1,1,1,0,1,0,1,0,1,1,1,0,0,0,0,1,1,1,1,1,1,1,0,1,0,0,0,1,1,0.484654763,2.652129574,0.000204611,0.000139613,6.72e-10,0.7683268946328579,0.8804635041896829
1,1,0,0,0,0,1,0,1,1,1,0,0,0,0,0,0,0,0,1,0,0,0,0,1,1,1,0,0,0,1,0,1,0,0,0,0,0,0,0,0,0,1,0,1,1,0,1,0,0,0,0,1,0,1,1,0,1,0,0,0,0,0,0,0,0,0,1,0,1,0,0,0,1,1,1,0,0,0,0,1,0,0,0,0,0,0,0,0,1,1,1,0,1,0,0,0,0,1,1,0.487446455,2.571259002,0.00020691,0.000154351,7.19e-10,0.7434428818356901,0.8514264994378278
1,1,0,0,0,1,1,1,0,1,0,1,0,1,0,0,0,1,1,1,1,1,1,0,1,1,0,1,0,0,1,0,0,1,0,0,1,0,1,0,1,0,1,0,1,1,0,1,0,0,0,0,1,0,1,1,0,1,0,1,0,1,0,1,0,0,1,0,0,1,0,0,1,0,1,1,0,1,1,1,1,1,1,0,0,0,1,0,1,0,1,0,1,1,1,0,0,0,1,1,0.477675413,2.841774516,0.00019897,0.000112892,5.06e-10,0.817308491436094,0.9412710193512398
1,1,0,0,0,1,1,1,0,1,0,1,0,1,1,0,1,1,1,1,1,1,1,1,0,0,1,1,0,0,1,1,1,0,0,0,0,1,1,0,1,0,0,0,0,0,0,0,1,0,0,1,0,0,0,0,0,0,0,1,0,1,1,0,0,0,0,1,1,1,0,0,1,1,0,0,1,1,1,1,1,1,1,1,0,1,1,0,1,0,1,0,1,1,1,0,0,0,1,1,0.484654366,2.653477434,0.000204611,0.000139307,6.61e-10,0.7697849345308971,0.8819867073184438
1,1,0,0,0,0,1,1,1,1,1,1,0,1,1,0,0,0,1,1,1,0,0,0,1,0,0,0,0,0,1,0,0,1,1,0,1,0,1,0,0,0,0,0,0,0,1,1,1,0,0,1,1,1,0,0,0,0,0,0,0,1,0,1,0,1,1,0,0,1,0,0,0,0,0,1,0,0,0,1,1,1,0,0,0,1,1,0,1,1,1,1,1,1,0,0,0,0,1,1,0.486050593,2.58886101,0.000205758,0.000150139,6.95e-10,0.7517547757495983,0.8605410026608846
1,1,0,0,0,0,1,1,1,1,1,1,1,1,0,1,1,0,1,1,1,0,1,0,0,0,0,1,1,0,1,1,0,0,0,0,0,0,1,0,0,1,0,0,1,1,0,0,0,0,0,0,0,0,1,1,0,0,1,0,0,1,0,0,0,0,0,0,1,1,0,1,1,0,0,0,0,1,0,1,1,1,0,1,1,0,1,1,1,1,1,1,1,1,0,0,0,0,1,1,0.486050569,2.614190235,0.000205758,0.000146279,6.94e-10,0.7570192024743853,0.8671227195444897
1,1,0,0,0,0,0,0,0,1,0,0,1,0,0,0,0,0,0,1,0,0,0,1,0,1,0,0,1,0,0,0,0,1,0,0,1,1,0,0,0,0,1,0,1,1,0,0,0,0,0,0,0,0,1,1,0,1,0,0,0,0,1,1,0,0,1,0,0,0,0,1,0,0,1,0,1,0,0,0,1,0,0,0,0,0,0,1,0,0,1,0,0,0,0,0,0,0,1,1,0.486050557,2.655123164,0.000205758,0.000140216,6.73e-10,0.7671111740888811,0.879519964462768
1,1,0,0,0,0,1,1,1,1,1,1,1,0,1,0,0,0,1,1,1,0,1,0,0,1,0,1,1,0,1,0,0,1,0,1,1,0,0,0,0,0,1,1,0,0,0,0,1,0,0,1,0,0,0,0,1,1,0,0,0,0,0,1,1,0,1,0,0,1,0,1,1,0,1,0,0,1,0,1,1,1,0,0,0,1,0,1,1,1,1,1,1,1,0,0,0,0,1,1,0.483259088,2.669839304,0.000203471,0.000135968,6.4e-10,0.7765141810618221,0.889555488481589
1,1,0,0,0,1,0,1,1,1,1,1,0,0,0,0,0,0,1,1,1,0,1,1,1,0,1,1,0,0,0,0,1,0,1,1,0,1,0,0,1,0,0,1,0,0,1,1,0,0,0,0,1,1,0,0,1,0,0,1,0,0,1,0,1,1,0,1,0,0,0,0,1,1,0,1,1,1,0,1,1,1,0,0,0,0,0,0,1,1,1,1,1,0,1,0,0,0,1,1,0.483258968,2.691059725,0.000203471,0.000133218,6.31e-10,0.7808912294472551,0.8952202815898576
1,1,0,0,1,1,1,1,1,1,1,1,0,0,1,0,1,0,1,1,1,0,1,1,1,1,0,1,0,0,1,1,0,0,0,0,0,1,0,0,1,0,1,0,0,0,0,1,1,1,1,1,1,0,0,0,0,1,0,1,0,0,1,0,0,0,0,0,1,1,0,0,1,0,1,1,1,1,0,1,1,1,0,1,0,1,0,0,1,1,1,1,1,1,1,1,0,0,1,1,0.484654793,2.651986657,0.000204611,0.000139432,6.52e-10,0.7705262912155371,0.8826270116000072
1,1,0,0,0,1,1,1,0,1,0,1,1,0,0,0,0,1,1,1,1,1,0,0,1,1,0,0,1,0,1,0,0,1,1,1,1,0,0,0,1,0,1,1,0,0,1,1,0,0,0,0,1,1,0,0,1,1,0,1,0,0,0,1,1,1,1,0,0,1,0,1,0,0,1,1,0,0,1,1,1,1,1,0,0,0,0,1,1,0,1,0,1,1,1,0,0,0,1,1,0.48325903,2.662681459,0.000203471,0.000136993,6.46e-10,0.7746023010118444,0.8872180904800562
1,1,0,0,0,0,1,1,0,1,0,0,0,1,1,0,0,1,0,1,1,1,1,0,0,1,0,1,0,0,1,0,0,0,1,0,0,0,1,0,0,0,1,0,1,1,1,0,1,0,0,1,0,1,1,1,0,1,0,0,0,1,0,0,0,1,0,0,0,1,0,0,1,0,1,0,0,1,1,1,1,0,1,0,0,1,1,0,0,0,1,0,1,1,0,0,0,0,1,1,0.480467397,2.734613005,0.000201208,0.000125769,5.75e-10,0.7963456804428538,0.9130936298663402
1,1,0,0,0,0,0,1,0,1,0,0,1,1,0,1,1,1,0,1,1,1,1,0,1,0,0,1,1,0,0,1,0,0,0,1,0,0,1,0,0,1,0,1,1,1,0,1,0,0,0,0,1,0,1,1,1,0,1,0,0,1,0,0,1,0,0,0,1,0,0,1,1,0,0,1,0,1,1,1,1,0,1,1,1,0,1,1,0,0,1,0,1,0,0,0,0,0,1,1,0.480467606,2.758578252,0.000201208,0.000123145,5.72e-10,0.7995265704782605,0.917946193726747
1,1,0,0,0,0,0,1,1,1,1,0,0,0,0,1,1,1,0,1,1,1,0,0,1,1,0,0,0,0,0,1,0,1,0,0,1,0,0,0,0,1,1,0,1,1,0,1,0,0,0,0,1,0,1,1,0,1,1,0,0,0,0,1,0,0,1,0,1,0,0,0,0,0,1,1,0,0,1,1,1,0,1,1,1,0,0,0,0,1,1,1,1,0,0,0,0,0,1,1,0.484655121,2.664440519,0.000204611,0.000137844,6.58e-10,0.7719894264284203,0.8848329865649202
1,1,0,0,0,1,0,0,1,1,1,1,0,0,1,1,0,0,1,1,0,0,0,1,1,1,0,0,0,0,0,0,0,1,1,0,1,1,0,0,1,1,1,0,1,1,1,1,1,0,0,1,1,1,1,1,0,1,1,1,0,0,1,1,0,1,1,0,0,0,0,0,0,0,1,1,1,0,0,0,1,1,0,0,1,1,0,0,1,1,1,1,0,0,1,0,0,0,1,1,0.487446577,2.590531401,0.000206911,0.000151234,7.1e-10,0.7485323681127973,0.8574812586321086
1,1,0,0,1,1,1,1,1,1,1,0,1,0,0,1,1,0,0,1,1,0,1,0,1,1,0,1,1,0,1,1,0,1,1,0,1,0,0,0,1,1,1,0,0,0,1,1,0,1,1,0,1,1,0,0,0,1,1,1,0,0,0,1,0,1,1,0,1,1,0,1,1,0,1,1,0,1,0,1,1,0,0,1,1,0,0,1,0,1,1,1,1,1,1,1,0,0,1,1,0.48186338,2.722832097,0.000202337,0.000128244,6.04e-10,0.7900329899914578,0.9062492190106696
1,1,0,0,0,0,0,1,0,1,0,1,0,0,0,1,0,0,1,1,1,0,1,1,0,0,0,1,0,0,0,0,0,0,0,1,0,1,0,0,0,1,0,1,1,1,0,0,0,0,0,0,0,0,1,1,1,0,1,0,0,0,1,0,1,0,0,0,0,0,0,0,1,0,0,0,1,1,0,1,1,1,0,0,1,0,0,0,1,0,1,0,1,0,0,0,0,0,1,1,0.483258948,2.688363616,0.000203471,0.000133578,6.35e-10,0.7800409499324009,0.8942179525251291
1,1,0,0,0,1,0,0,1,1,1,1,0,0,0,0,0,1,1,1,0,1,1,1,0,1,0,1,0,0,0,0,0,0,1,0,0,1,0,0,1,0,1,0,0,0,1,0,0,0,0,0,0,1,0,0,0,1,0,1,0,0,1,0,0,1,0,0,0,0,0,0,1,0,1,0,1,1,1,0,1,1,1,0,0,0,0,0,1,1,1,1,0,0,1,0,0,0,1,1,0.484654964,2.653409833,0.000204611,0.000139316,6.6e-10,0.7698729386912309,0.8820685892581841
1,1,0,0,0,1,1,1,1,1,1,0,1,1,0,0,1,0,0,1,1,0,0,0,1,1,0,0,1,0,1,1,0,0,0,1,0,0,1,0,1,0,1,1,0,0,0,1,0,0,0,0,1,0,0,0,1,1,0,1,0,1,0,0,1,0,0,0,1,1,0,1,0,0,1,1,0,0,0,1,1,0,0,1,0,0,1,1,0,1,1,1,1,1,1,0,0,0,1,1,0.481863291,2.706682949,0.000202337,0.000130137,6.03e-10,0.7878990695244694,0.9030296667027816
1,1,0,0,1,1,1,1,1,1,1,0,1,0,0,1,0,1,0,1,1,1,0,0,0,1,0,0,1,0,1,0,0,1,0,1,1,0,0,0,1,1,1,1,0,0,0,0,0,1,1,0,0,0,0,0,1,1,1,1,0,0,0,1,1,0,1,0,0,1,0,1,0,0,1,0,0,0,1,1,1,0,1,0,1,0,0,1,0,1,1,1,1,1,1,1,0,0,1,1,0.483259182,2.669843065,0.000203471,0.000135976,6.4e-10,0.7765048895798287,0.889545661628278
1,1,0,0,0,1,1,0,1,1,1,1,1,0,0,1,1,1,1,1,0,1,0,0,1,0,0,0,1,0,1,1,0,1,1,0,1,0,0,0,1,1,0,0,1,1,1,1,0,0,0,0,1,1,1,1,0,0,1,1,0,0,0,1,0,1,1,0,1,1,0,1,0,0,0,1,0,0,1,0,1,1,1,1,1,0,0,1,1,1,1,1,0,1,1,0,0,0,1,1,0.484655011,2.635205631,0.000204611,0.000141928,6.66e-10,0.7658611600795734,0.8770122627172923
1,1,0,0,0,0,0,0,0,1,0,0,0,1,1,0,1,0,0,1,0,0,1,1,0,1,1,1,0,0,0,1,1,1,1,1,1,1,1,0,0,0,1,1,1,1,1,0,1,0,0,1,0,1,1,1,1,1,0,0,0,1,1,1,1,1,1,1,1,0,0,0,1,1,1,0,1,1,0,0,1,0,0,1,0,1,1,0,0,0,1,0,0,0,0,0,0,0,1,1,0.487446704,2.599904347,0.000206911,0.000149854,7.21e-10,0.7493520046847783,0.8587691397898063
1,1,0,0,1,1,1,1,0,1,0,0,0,0,0,1,0,0,0,1,1,0,1,1,1,1,0,1,0,0,1,0,0,1,1,1,1,1,0,0,1,1,1,1,0,0,1,1,0,1,1,0,1,1,0,0,1,1,1,1,0,0,1,1,1,1,1,0,0,1,0,0,1,0,1,1,1,1,0,1,1,0,0,0,1,0,0,0,0,0,1,0,1,1,1,1,0,0,1,1,0.484654857,2.624445038,0.000204611,0.000143429,6.66e-10,0.7638872923855677,0.8744453915840562
1,1,0,0,0,1,0,1,1,1,1,0,0,1,0,1,0,0,0,1,1,0,1,0,0,0,0,1,0,0,0,0,0,0,0,1,0,0,1,0,1,1,0,1,1,1,0,0,0,0,0,0,0,0,1,1,1,0,1,1,0,1,0,0,1,0,0,0,0,0,0,0,1,0,0,0,0,1,0,1,1,0,0,0,1,0,1,0,0,1,1,1,1,0,1,0,0,0,1,1,0.483259165,2.667026269,0.000203471,0.000136402,6.46e-10,0.7753593971504776,0.8882459147647944
1,1,0,0,0,0,0,1,1,1,1,0,0,0,1,1,1,0,0,1,1,0,0,1,0,1,1,0,0,0,0,1,1,1,1,1,1,1,0,0,0,1,1,1,1,1,1,0,1,0,0,1,0,1,1,1,1,1,1,0,0,0,1,1,1,1,1,1,1,0,0,0,0,1,1,0,1,0,0,1,1,0,0,1,1,1,0,0,0,1,1,1,1,0,0,0,0,0,1,1,0.487446859,2.605121229,0.000206911,0.000148944,7.1e-10,0.7516158804349227,0.8613157744302009
1,1,0,0,0,0,0,1,1,1,1,0,1,1,0,1,1,0,0,1,1,0,1,1,0,1,1,1,1,0,0,1,1,1,1,0,1,1,1,0,0,1,1,0,1,1,1,0,0,0,0,0,0,1,1,1,0,1,1,0,0,1,1,1,0,1,1,1,1,0,0,1,1,1,1,0,1,1,0,1,1,0,0,1,1,0,1,1,0,1,1,1,1,0,0,0,0,0,1,1,0.484655254,2.655988298,0.000204611,0.00013894,6.54e-10,0.7709631555829392,0.8832936175337516
1,1,0,0,1,1,1,1,1,1,1,0,0,0,1,1,1,0,0,1,1,0,1,0,0,1,1,1,0,0,1,1,1,0,0,0,0,0,0,0,1,1,1,0,0,0,0,0,1,1,1,1,0,0,0,0,0,1,1,1,0,0,0,0,0,0,0,1,1,1,0,0,1,1,1,0,0,1,0,1,1,0,0,1,1,1,0,0,0,1,1,1,1,1,1,1,0,0,1,1,0.488842474,2.553609798,0.00020807,0.000158929,7.44e-10,0.7346208383714512,0.8417914819082035
1,1,0,0,0,0,0,0,1,1,1,0,1,1,1,0,0,1,0,1,0,1,1,0,0,0,1,1,1,0,0,0,1,1,0,0,1,0,1,0,0,0,0,0,1,1,0,0,1,0,0,1,0,0,1,1,0,0,0,0,0,1,0,1,0,0,1,1,0,0,0,1,1,1,0,0,0,1,1,0,1,0,1,0,0,1,1,1,0,1,1,1,0,0,0,0,0,0,1,1,0.484655523,2.655863432,0.000204611,0.00013898,6.54e-10,0.7709143687177124,0.883235869728468
1,1,0,0,0,0,0,0,1,1,1,0,0,1,1,1,1,0,0,1,0,0,1,0,0,1,1,1,0,0,0,1,1,1,1,1,1,0,1,0,0,1,1,1,1,1,1,0,1,0,0,1,0,1,1,1,1,1,1,0,0,1,0,1,1,1,1,1,1,0,0,0,1,1,1,0,0,1,0,0,1,0,0,1,1,1,1,0,0,1,1,1,0,0,0,0,0,0,1,1,0.487447054,2.584069642,0.000206911,0.000152251,7.13e-10,0.7468630429370123,0.8554835176132021
1,1,0,0,0,1,0,1,0,1,0,0,1,0,1,1,1,1,0,1,1,1,0,1,0,0,1,0,1,0,0,1,1,0,1,1,0,1,0,0,1,1,0,1,0,0,1,0,1,0,0,1,0,1,0,0,1,0,1,1,0,0,1,0,1,1,0,1,1,0,0,1,0,1,0,0,1,0,1,1,1,0,1,1,1,1,0,1,0,0,1,0,1,0,1,0,0,0,1,1,0.476279564,2.918582211,0.00019786,0.000105488,4.76e-10,0.8257808461788674,0.9558691755228926
1,1,0,0,0,1,1,0,0,1,0,0,0,1,1,0,0,1,0,1,0,1,0,0,0,1,1,0,0,0,1,0,1,0,0,0,0,0,1,0,1,0,1,0,1,1,0,0,1,0,0,1,0,0,1,1,0,1,0,1,0,1,0,0,0,0,0,1,0,1,0,0,0,1,1,0,0,0,1,0,1,0,1,0,0,1,1,0,0,0,1,0,0,1,1,0,0,0,1,1,0.480467323,2.742110738,0.000201208,0.000124905,5.72e-10,0.7976284890788217,0.9148776862015169
1,1,0,0,0,0,1,1,1,1,1,0,1,1,0,1,0,1,0,1,1,1,1,1,1,0,1,1,1,0,1,0,1,1,1,1,1,1,1,0,0,1,0,1,1,1,1,1,0,0,0,0,1,1,1,1,1,0,1,0,0,1,1,1,1,1,1,1,0,1,0,1,1,1,0,1,1,1,1,1,1,0,1,0,1,0,1,1,0,1,1,1,1,1,0,0,0,0,1,1,0.484654459,2.687363713,0.000204611,0.000134805,6.55e-10,0.7762070145329987,0.8904694286458349
1,1,0,0,0,1,1,1,1,1,1,0,1,1,0,0,1,0,0,1,1,0,1,0,1,0,0,1,1,0,1,1,0,1,1,1,1,0,1,0,1,0,0,1,0,0,1,1,0,0,0,0,1,1,0,0,1,0,0,1,0,1,0,1,1,1,1,0,1,1,0,1,1,0,0,1,0,1,0,1,1,0,0,1,0,0,1,1,0,1,1,1,1,1,1,0,0,0,1,1,0.480467358,2.746476638,0.000201208,0.000124467,5.74e-10,0.7978835328510898,0.9154490135901473
1,1,0,0,0,1,0,1,1,1,1,1,0,1,1,0,0,1,1,1,1,1,0,0,1,0,1,0,0,0,0,0,1,0,0,1,0,0,1,0,1,0,0,1,1,1,0,1,1,0,0,1,1,0,1,1,1,0,0,1,0,1,0,0,1,0,0,1,0,0,0,0,0,1,0,1,0,0,1,1,1,1,1,0,0,1,1,0,1,1,1,1,1,0,1,0,0,0,1,1,0.481863152,2.725728878,0.000202336,0.000127885,5.99e-10,0.7909716920163246,0.9073526581879995
1,1,0,0,0,1,1,0,0,1,0,1,1,1,0,1,0,0,1,1,0,0,1,0,0,1,0,1,1,0,1,0,0,0,0,0,0,0,1,0,1,1,1,0,1,1,0,0,0,0,0,0,0,0,1,1,0,1,1,1,0,1,0,0,0,0,0,0,0,1,0,1,1,0,1,0,0,1,0,0,1,1,0,0,1,0,1,1,1,0,1,0,0,1,1,0,0,0,1,1,0.483259127,2.644626593,0.000203471,0.000139417,6.49e-10,0.7711692198892973,0.8827347109424164
1,1,0,0,0,1,1,0,1,1,1,1,0,1,1,0,0,1,1,1,0,1,1,1,1,0,0,1,0,0,1,0,0,0,1,0,0,1,1,0,1,0,0,0,1,1,1,1,1,0,0,1,1,1,1,1,0,0,0,1,0,1,1,0,0,1,0,0,0,1,0,0,1,0,0,1,1,1,1,0,1,1,1,0,0,1,1,0,1,1,1,1,0,1,1,0,0,0,1,1,0.484654933,2.632555598,0.000204611,0.000142109,6.5e-10,0.7672893559862056,0.8782809522905627
1,1,0,0,0,1,0,0,1,1,1,1,1,1,1,0,0,1,1,1,0,1,1,1,0,0,0,1,1,0,0,0,0,0,0,1,0,1,1,0,1,0,0,1,1,1,0,0,1,0,0,1,0,0,1,1,1,0,0,1,0,1,1,0,1,0,0,0,0,0,0,1,1,0,0,0,1,1,1,0,1,1,1,0,0,1,1,1,1,1,1,1,0,0,1,0,0,0,1,1,0.486050942,2.612669111,0.000205758,0.000146463,6.88e-10,0.7573630511763558,0.8673831655203323
1,1,0,0,0,0,1,0,1,1,1,1,0,1,1,1,0,0,1,1,0,0,0,0,1,0,1,0,0,0,1,0,1,0,0,0,0,0,1,0,0,1,0,0,1,1,0,1,1,0,0,1,1,0,1,1,0,0,1,0,0,1,0,0,0,0,0,1,0,1,0,0,0,1,0,1,0,0,0,0,1,1,0,0,1,1,1,0,1,1,1,1,0,1,0,0,0,0,1,1,0.48325916,2.665591549,0.000203471,0.000136517,6.39e-10,0.7759177993771372,0.8886986906959476
1,1,0,0,0,1,1,1,1,1,1,0,0,1,0,0,1,1,0,1,1,1,0,1,1,1,1,0,0,0,1,1,1,1,0,1,1,1,1,0,1,0,1,1,0,0,0,1,0,0,0,0,1,0,0,0,1,1,0,1,0,1,1,1,1,0,1,1,1,1,0,0,0,1,1,1,1,0,1,1,1,0,1,1,0,0,1,0,0,1,1,1,1,1,1,0,0,0,1,1,0.484654783,2.625827126,0.000204611,0.000143327,6.74e-10,0.7632139769645409,0.8738476299025377
1,1,0,0,0,1,1,0,1,1,1,1,1,0,1,1,0,1,1,1,0,1,1,1,0,0,0,1,1,0,1,0,0,1,1,0,1,1,0,0,1,1,0,0,0,0,1,0,1,0,0,1,0,1,0,0,0,0,1,1,0,0,1,1,0,1,1,0,0,1,0,1,1,0,0,0,1,1,1,0,1,1,1,0,1,1,0,1,1,1,1,1,0,1,1,0,0,0,1,1,0.483258939,2.676763276,0.000203471,0.000135083,6.38e-10,0.7778425217699987,0.8913021210519936
1,1,0,0,0,0,1,1,0,1,0,1,0,1,0,1,1,0,1,1,1,0,0,1,1,1,0,0,0,0,1,1,0,0,1,0,0,1,1,0,0,1,1,0,1,1,1,1,0,0,0,0,1,1,1,1,0,1,1,0,0,1,1,0,0,1,0,0,1,1,0,0,0,0,1,1,1,0,0,1,1,1,0,1,1,0,1,0,1,0,1,0,1,1,0,0,0,0,1,1,0.481863211,2.697986058,0.000202337,0.00013136,6.2e-10,0.7846536098463958,0.8992942272796303
1,1,0,0,1,1,1,1,0,1,0,0,1,1,0,1,1,1,0,1,1,1,1,0,0,1,0,1,1,0,1,1,0,0,1,1,0,0,1,0,1,1,1,1,1,1,1,0,0,1,1,0,0,1,1,1,1,1,1,1,0,1,0,0,1,1,0,0,1,1,0,1,1,0,1,0,0,1,1,1,1,0,1,1,1,0,1,1,0,0,1,0,1,1,1,1,0,0,1,1,0.483259196,2.679647712,0.000203471,0.00013464,6.32e-10,0.7790076012819896,0.8926276287249415
1,1,0,0,0,0,1,1,1,1,1,0,1,1,1,1,0,0,0,1,1,0,0,1,1,1,0,0,1,0,1,0,0,1,0,1,1,1,1,0,0,1,1,1,1,1,0,1,1,0,0,1,1,0,1,1,1,1,1,0,0,1,1,1,1,0,1,0,0,1,0,1,0,0,1,1,1,0,0,1,1,0,0,0,1,1,1,1,0,1,1,1,1,1,0,0,0,0,1,1,0.484655247,2.63398097,0.000204611,0.000141975,6.57e-10,0.7667174984153299,0.8777965824620713
1,1,0,0,0,0,0,0,0,1,0,0,0,0,0,0,0,1,0,1,0,1,1,1,0,1,0,1,0,0,0,0,0,0,1,1,0,1,0,0,0,0,1,1,1,1,1,0,0,0,0,0,0,1,1,1,1,1,0,0,0,0,1,0,1,1,0,0,0,0,0,0,1,0,1,0,1,1,1,0,1,0,1,0,0,0,0,0,0,0,1,0,0,0,0,0,0,0,1,1,0.48744649,2.584326463,0.00020691,0.000152121,7.11e-10,0.7472215747431352,0.8558633288438966
1,1,0,0,0,1,0,1,0,1,0,0,1,1,0,1,1,1,0,1,1,1,0,1,1,1,0,0,1,0,0,1,0,1,1,1,1,1,1,0,1,1,1,1,0,0,1,1,0,0,0,0,1,1,0,0,1,1,1,1,0,1,1,1,1,1,1,0,1,0,0,1,0,0,1,1,1,0,1,1,1,0,1,1,1,0,1,1,0,0,1,0,1,0,1,0,0,0,1,1,0.481863307,2.706742169,0.000202337,0.000130132,6.04e-10,0.7877980060945877,0.9029384217328832
1,1,0,0,0,0,0,0,1,1,1,1,1,0,0,1,1,1,1,1,0,1,1,1,1,1,0,1,1,0,0,1,0,0,1,1,0,1,0,0,0,1,1,1,1,1,1,1,0,0,0,0,1,1,1,1,1,1,1,0,0,0,1,0,1,1,0,0,1,0,0,1,1,0,1,1,1,1,1,0,1,1,1,1,1,0,0,1,1,1,1,1,0,0,0,0,0,0,1,1,0.488842893,2.549778438,0.00020807,0.000159551,7.43e-10,0.7338763203851986,0.840877374064428
1,1,0,0,0,0,1,1,1,1,1,1,0,1,1,0,1,0,1,1,1,0,1,1,0,1,1,1,0,0,1,1,1,0,0,1,0,1,1,0,0,0,1,1,1,1,0,0,1,0,0,1,0,0,1,1,1,1,0,0,0,1,1,0,1,0,0,1,1,1,0,0,1,1,1,0,1,1,0,1,1,1,0,1,0,1,1,0,1,1,1,1,1,1,0,0,0,0,1,1,0.483259132,2.665527673,0.000203471,0.000136529,6.38e-10,0.7760067484866665,0.8887796428384533
1,1,0,0,0,0,0,1,0,1,0,1,1,1,1,0,1,0,1,1,1,0,0,0,1,0,0,0,1,0,0,1,0,1,1,1,1,0,1,0,0,0,0,1,1,1,1,1,1,0,0,1,1,1,1,1,1,0,0,0,0,1,0,1,1,1,1,0,1,0,0,1,0,0,0,1,0,0,0,1,1,1,0,1,0,1,1,1,1,0,1,0,1,0,0,0,0,0,1,1,0.483259186,2.67986866,0.000203471,0.000134581,6.32e-10,0.779078917801588,0.8927152108548052
1,1,0,0,0,1,1,1,0,1,0,0,1,0,1,0,1,0,0,1,1,0,0,1,1,0,1,0,1,0,1,1,1,1,0,1,1,1,0,0,1,0,0,1,1,1,0,1,1,0,0,1,1,0,1,1,1,0,0,1,0,0,1,1,1,0,1,1,1,1,0,1,0,1,0,1,1,0,0,1,1,0,0,1,0,1,0,1,0,0,1,0,1,1,1,0,0,0,1,1,0.479071325,2.792434236,0.000200086,0.000118638,5.46e-10,0.8073524562554911,0.9279807890235422
1,1,0,0,0,1,0,0,1,1,1,0,0,1,1,1,1,1,0,1,0,1,0,1,0,1,0,0,0,0,0,1,0,0,0,1,0,1,1,0,1,1,1,1,1,1,0,0,1,0,0,1,0,0,1,1,1,1,1,1,0,1,1,0,1,0,0,0,1,0,0,0,0,0,1,0,1,0,1,0,1,0,1,1,1,1,1,0,0,1,1,1,0,0,1,0,0,0,1,1,0.483259315,2.650135487,0.000203471,0.000138541,6.38e-10,0.7734448146431824,0.8853121462721929
1,1,0,0,1,1,1,1,0,1,0,1,0,1,1,1,1,1,1,1,1,1,1,0,0,0,1,1,0,0,1,1,1,1,0,1,1,0,1,0,1,1,0,1,0,0,0,0,1,1,1,1,0,0,0,0,1,0,1,1,0,1,0,1,1,0,1,1,1,1,0,0,1,1,0,0,0,1,1,1,1,1,1,1,1,1,1,0,1,0,1,0,1,1,1,1,0,0,1,1,0.484654586,2.646460458,0.000204611,0.000140302,6.63e-10,0.7682884612406405,0.8800775207331096
1,1,0,0,0,1,1,1,0,1,0,0,0,1,0,0,0,0,0,1,1,0,0,0,1,0,1,0,0,0,1,0,1,1,0,0,1,0,1,0,1,0,0,0,0,0,0,1,0,0,0,0,1,0,0,0,0,0,0,1,0,1,0,1,0,0,1,1,0,1,0,0,0,1,0,1,0,0,0,1,1,0,0,0,0,0,1,0,0,0,1,0,1,1,1,0,0,0,1,1,0.481862963,2.707059579,0.000202336,0.000130042,6.03e-10,0.7880104395751336,0.9031700114522545
1,1,0,0,0,1,1,1,0,1,0,1,1,0,0,0,1,0,1,1,1,0,1,0,1,1,0,1,1,0,1,1,0,0,0,0,0,0,0,0,1,0,1,0,1,1,0,1,0,0,0,0,1,0,1,1,0,1,0,1,0,0,0,0,0,0,0,0,1,1,0,1,1,0,1,1,0,1,0,1,1,1,0,1,0,0,0,1,1,0,1,0,1,1,1,0,0,0,1,1,0.480467159,2.751125493,0.000201208,0.000123972,5.76e-10,0.7982054177934106,0.9161259103769406
1,1,0,0,0,1,0,1,1,1,1,1,1,0,1,0,1,0,1,1,1,0,1,0,0,0,1,1,1,0,0,1,1,1,1,0,1,0,0,0,1,0,0,0,0,0,1,0,1,0,0,1,0,1,0,0,0,0,0,1,0,0,0,1,0,1,1,1,1,0,0,1,1,1,0,0,0,1,0,1,1,1,0,1,0,1,0,1,1,1,1,1,1,0,1,0,0,0,1,1,0.481862875,2.715787809,0.000202336,0.000129057,6.07e-10,0.788762246267734,0.9045225690712098
1,1,0,0,0,0,1,0,1,1,1,1,0,0,0,1,0,0,1,1,0,0,1,1,1,1,1,1,0,0,1,0,1,0,1,1,0,1,0,0,0,1,1,1,1,1,1,1,0,0,0,0,1,1,1,1,1,1,1,0,0,0,1,0,1,1,0,1,0,1,0,0,1,1,1,1,1,1,0,0,1,1,0,0,1,0,0,0,1,1,1,1,0,1,0,0,0,0,1,1,0.486050652,2.619495296,0.000205758,0.000145385,6.84e-10,0.7591902337113561,0.8695818567753052
1,1,0,0,0,1,0,1,1,1,1,1,1,0,0,1,1,0,1,1,1,0,0,1,1,0,1,0,1,0,0,1,1,1,1,0,1,1,0,0,1,1,0,0,1,1,1,1,0,0,0,0,1,1,1,1,0,0,1,1,0,0,1,1,0,1,1,1,1,0,0,1,0,1,0,1,1,0,0,1,1,1,0,1,1,0,0,1,1,1,1,1,1,0,1,0,0,0,1,1,0.48325902,2.686736303,0.000203471,0.000133722,6.28e-10,0.7805659165105703,0.8946151557834575
1,1,0,0,0,0,1,0,0,1,0,1,0,1,0,1,1,0,1,1,0,0,0,1,1,1,1,0,0,0,1,1,1,1,1,0,1,1,1,0,0,1,1,0,0,0,1,1,0,0,0,0,1,1,0,0,0,1,1,0,0,1,1,1,0,1,1,1,1,1,0,0,0,1,1,1,1,0,0,0,1,1,0,1,1,0,1,0,1,0,1,0,0,1,0,0,0,0,1,1,0.48465489,2.619026689,0.000204611,0.00014434,6.77e-10,0.7615719284139866,0.8718341320661249
1,1,0,0,0,1,0,1,1,1,1,0,1,1,0,0,1,1,0,1,1,1,1,1,1,0,0,1,1,0,0,1,0,1,0,0,1,1,1,0,1,0,0,0,1,1,0,1,0,0,0,0,1,0,1,1,0,0,0,1,0,1,1,1,0,0,1,0,1,0,0,1,1,0,0,1,1,1,1,1,1,0,1,1,0,0,1,1,0,1,1,1,1,0,1,0,0,0,1,1,0.481863226,2.72861495,0.000202336,0.000127709,6.15e-10,0.7895725532052117,0.9062381799629404
1,1,0,0,0,0,1,1,0,1,0,0,0,0,1,0,0,0,0,1,1,0,0,0,1,0,1,0,0,0,1,0,1,1,0,0,1,0,0,0,0,0,0,0,0,0,0,1,1,0,0,1,1,0,0,0,0,0,0,0,0,0,0,1,0,0,1,1,0,1,0,0,0,1,0,1,0,0,0,1,1,0,0,0,0,1,0,0,0,0,1,0,1,1,0,0,0,0,1,1,0.484654738,2.63823598,0.000204611,0.000141367,6.58e-10,0.7674002390103429,0.8787171331965666
1,1,0,0,0,1,0,1,1,1,1,0,0,0,1,1,1,1,0,1,1,1,0,0,0,1,1,0,0,0,0,1,1,0,0,1,0,0,0,0,1,1,1,1,0,0,0,0,1,0,0,1,0,0,0,0,1,1,1,1,0,0,0,0,1,0,0,1,1,0,0,0,0,1,1,0,0,0,1,1,1,0,1,1,1,1,0,0,0,1,1,1,1,0,1,0,0,0,1,1,0.486050631,2.619448322,0.000205758,0.000145643,7.05e-10,0.7568539859139631,0.8672295133742624
1,1,0,0,0,1,0,1,0,1,0,1,1,0,0,1,1,0,1,1,1,0,1,0,1,1,0,1,1,0,0,1,0,1,1,0,1,0,0,0,1,1,1,0,0,0,1,1,0,0,0,0,1,1,0,0,0,1,1,1,0,0,0,1,0,1,1,0,1,0,0,1,1,0,1,1,0,1,0,1,1,1,0,1,1,0,0,1,1,0,1,0,1,0,1,0,0,0,1,1,0.479071381,2.822240155,0.000200086,0.00011577,5.46e-10,0.809998864787588,0.9329848373913462
1,1,0,0,0,0,0,1,1,1,1,0,0,1,1,0,1,0,0,1,1,0,1,0,1,1,0,1,0,0,0,1,0,0,1,0,0,0,1,0,0,0,1,0,0,0,1,1,1,0,0,1,1,1,0,0,0,1,0,0,0,1,0,0,0,1,0,0,1,0,0,0,1,0,1,1,0,1,0,1,1,0,0,1,0,1,1,0,0,1,1,1,1,0,0,0,0,0,1,1,0.481863461,2.731626422,0.000202337,0.000127298,6.08e-10,0.7907435460781944,0.9075832108871342
1,1,0,0,0,1,0,0,1,1,1,1,0,1,0,0,1,1,1,1,0,1,0,1,1,0,0,0,0,0,0,1,0,0,1,1,0,1,1,0,1,0,0,1,0,0,1,1,0,0,0,0,1,1,0,0,1,0,0,1,0,1,1,0,1,1,0,0,1,0,0,0,0,0,0,1,1,0,1,0,1,1,1,1,0,0,1,0,1,1,1,1,0,0,1,0,0,0,1,1,0.483259444,2.668302497,0.000203471,0.000136116,6.34e-10,0.7769427208800638,0.8898747408524857
1,1,0,0,1,1,1,1,0,1,0,0,1,0,0,1,0,0,0,1,1,0,1,1,1,1,0,1,1,0,1,0,0,0,1,1,0,1,0,0,1,1,1,1,0,0,1,1,0,1,1,0,1,1,0,0,1,1,1,1,0,0,1,0,1,1,0,0,0,1,0,1,1,0,1,1,1,1,0,1,1,0,0,0,1,0,0,1,0,0,1,0,1,1,1,1,0,0,1,1,0.481863297,2.690772825,0.000202337,0.000132052,6.03e-10,0.7856141283551111,0.8997151835714383
1,1,0,0,0,1,0,1,0,1,0,0,1,0,1,1,0,0,0,1,1,0,1,1,0,1,1,1,1,0,0,0,1,0,1,1,0,1,0,0,1,1,1,1,0,0,1,0,1,0,0,1,0,1,0,0,1,1,1,1,0,0,1,0,1,1,0,1,0,0,0,1,1,1,1,0,1,1,0,1,1,0,0,0,1,1,0,1,0,0,1,0,1,0,1,0,0,0,1,1,0.479071456,2.797058634,0.000200086,0.000118207,5.49e-10,0.8074329991979351,0.9284537421918111
1,1,0,0,0,1,0,1,0,1,0,0,1,0,0,1,0,0,0,1,1,0,1,0,0,1,1,1,1,0,0,0,1,1,1,0,1,0,0,0,1,1,1,0,0,0,1,0,0,0,0,0,0,1,0,0,0,1,1,1,0,0,0,1,0,1,1,1,0,0,0,1,1,1,1,0,0,1,0,1,1,0,0,0,1,0,0,1,0,0,1,0,1,0,1,0,0,0,1,1,0.48186317,2.698147496,0.000202337,0.000131095,6e-10,0.7870857583630996,0.9016486079707315
1,1,0,0,1,1,1,1,0,1,0,1,1,1,1,1,1,0,1,1,1,0,1,0,1,0,0,1,1,0,1,1,0,1,1,0,1,0,1,0,1,1,0,0,0,0,1,1,1,1,1,1,1,1,0,0,0,0,1,1,0,1,0,1,0,1,1,0,1,1,0,1,1,0,0,1,0,1,0,1,1,1,0,1,1,1,1,1,1,0,1,0,1,1,1,1,0,0,1,1,0.481863037,2.722987273,0.000202336,0.000128218,6.04e-10,0.7900639118225966,0.9062915087321747
1,1,0,0,0,1,1,0,0,1,0,1,1,1,0,1,0,0,1,1,0,0,0,1,0,0,1,0,1,0,1,0,1,0,0,1,0,1,1,0,1,1,0,1,0,0,0,0,0,0,0,0,0,0,0,0,1,0,1,1,0,1,1,0,1,0,0,1,0,1,0,1,0,1,0,0,1,0,0,0,1,1,0,0,1,0,1,1,1,0,1,0,0,1,1,0,0,0,1,1,0.480467347,2.740497351,0.000201208,0.000125236,5.85e-10,0.7958516430697071,0.9130855040315393
1,1,0,0,1,1,1,1,0,1,0,1,0,0,1,0,1,1,1,1,1,1,0,1,0,1,0,0,0,0,1,1,0,1,1,1,1,1,0,0,1,0,1,1,0,0,1,0,1,1,1,1,0,1,0,0,1,1,0,1,0,0,1,1,1,1,1,0,1,1,0,0,0,0,1,0,1,0,1,1,1,1,1,1,0,1,0,0,1,0,1,0,1,1,1,1,0,0,1,1,0.481863139,2.714031454,0.000202336,0.000129253,6e-10,0.789265352658852,0.9048642617383064
1,1,0,0,0,0,1,1,0,1,0,0,0,0,1,0,1,0,0,1,1,0,1,0,0,1,1,1,0,0,1,1,1,0,0,0,0,0,0,0,0,0,1,0,1,1,0,0,1,0,0,1,0,0,1,1,0,1,0,0,0,0,0,0,0,0,0,1,1,1,0,0,1,1,1,0,0,1,0,1,1,0,0,1,0,1,0,0,0,0,1,0,1,1,0,0,0,0,1,1,0.483259185,2.665531415,0.000203471,0.000136532,6.39e-10,0.7758994894101873,0.8886759938583296
1,1,0,0,0,1,1,1,1,1,1,0,1,1,1,1,1,0,0,1,1,0,0,1,1,0,0,0,1,0,1,1,0,0,0,0,0,1,1,0,1,1,0,0,0,0,0,1,1,0,0,1,1,0,0,0,0,0,1,1,0,1,1,0,0,0,0,0,1,1,0,1,0,0,0,1,1,0,0,1,1,0,0,1,1,1,1,1,0,1,1,1,1,1,1,0,0,0,1,1,0.486050724,2.608777151,0.000205758,0.000146985,6.85e-10,0.7569641328241711,0.8667841841659975
1,1,0,0,1,1,1,1,0,1,0,1,1,0,1,0,1,1,1,1,1,1,0,1,1,1,0,0,1,0,1,1,0,0,0,0,0,1,0,0,1,0,1,0,1,1,0,1,1,1,1,1,1,0,1,1,0,1,0,1,0,0,1,0,0,0,0,0,1,1,0,1,0,0,1,1,1,0,1,1,1,1,1,1,0,1,0,1,1,0,1,0,1,1,1,1,0,0,1,1,0.481863204,2.703851542,0.000202336,0.000130532,6.1e-10,0.7866872144890396,0.9016707448742955
1,1,0,0,0,0,1,1,1,1,1,1,1,1,0,1,1,0,1,1,1,0,1,0,0,1,0,1,1,0,1,1,0,0,1,0,0,0,1,0,0,1,1,0,0,0,1,0,0,0,0,0,0,1,0,0,0,1,1,0,0,1,0,0,0,1,0,0,1,1,0,1,1,0,1,0,0,1,0,1,1,1,0,1,1,0,1,1,1,1,1,1,1,1,0,0,0,0,1,1,0.483258813,2.678345761,0.000203471,0.000134925,6.45e-10,0.777350881695177,0.890930251683043
1,1,0,0,0,0,0,1,0,1,0,0,1,1,0,0,0,0,0,1,1,0,1,1,0,1,0,1,1,0,0,0,0,1,1,1,1,1,1,0,0,0,1,1,1,1,1,0,0,0,0,0,0,1,1,1,1,1,0,0,0,1,1,1,1,1,1,0,0,0,0,1,1,0,1,0,1,1,0,1,1,0,0,0,0,0,1,1,0,0,1,0,1,0,0,0,0,0,1,1,0.486050857,2.627677725,0.000205758,0.000144229,6.87e-10,0.7604408129557231,0.8712824068378392
1,1,0,0,0,1,1,1,1,1,1,0,0,1,1,0,1,1,0,1,1,1,0,0,1,0,0,0,0,0,1,1,0,0,0,0,0,0,1,0,1,0,0,0,1,1,0,1,1,0,0,1,1,0,1,1,0,0,0,1,0,1,0,0,0,0,0,0,1,1,0,0,0,0,0,1,0,0,1,1,1,0,1,1,0,1,1,0,0,1,1,1,1,1,1,0,0,0,1,1,0.484654763,2.635355954,0.000204611,0.000141874,6.66e-10,0.765927078024335,0.8770890337741495
1,1,0,0,0,1,0,0,1,1,1,0,1,0,1,1,0,1,0,1,0,1,1,1,1,1,0,1,1,0,0,0,0,1,1,1,1,1,0,0,1,1,1,1,0,0,1,1,1,0,0,1,1,1,0,0,1,1,1,1,0,0,1,1,1,1,1,0,0,0,0,1,1,0,1,1,1,1,1,0,1,0,1,0,1,1,0,1,0,1,1,1,0,0,1,0,0,0,1,1,0.484654906,2.653284062,0.000204611,0.000139354,6.6e-10,0.7698261102724033,0.882012728007058
1,1,0,0,0,1,1,0,1,1,1,0,1,0,0,1,1,0,0,1,0,0,1,1,0,1,0,1,1,0,1,1,0,1,0,1,1,1,0,0,1,1,1,1,0,0,0,0,0,0,0,0,0,0,0,0,1,1,1,1,0,0,1,1,1,0,1,0,1,1,0,1,1,0,1,0,1,1,0,0,1,0,0,1,1,0,0,1,0,1,1,1,0,1,1,0,0,0,1,1,0.483259261,2.659805713,0.000203471,0.000137204,6.3e-10,0.775998175144677,0.8884089793246208
1,1,0,0,0,1,1,1,0,1,0,0,0,1,0,0,1,1,0,1,1,1,1,0,0,1,0,1,0,0,1,1,0,0,0,1,0,0,1,0,1,0,1,1,1,1,0,0,0,0,0,0,0,0,1,1,1,1,0,1,0,1,0,0,1,0,0,0,1,1,0,0,1,0,1,0,0,1,1,1,1,0,1,1,0,0,1,0,0,0,1,0,1,1,1,0,0,0,1,1,0.48186307,2.702429982,0.000202336,0.000130618,6.02e-10,0.7874349515760081,0.9022835503499301
1,1,0,0,0,1,1,0,1,1,1,0,1,0,0,1,0,0,0,1,0,0,0,1,1,1,1,0,1,0,1,0,1,0,0,0,0,1,0,0,1,1,1,0,0,0,0,1,0,0,0,0,1,0,0,0,0,1,1,1,0,0,1,0,0,0,0,1,0,1,0,1,0,1,1,1,1,0,0,0,1,0,0,0,1,0,0,1,0,1,1,1,0,1,1,0,0,0,1,1,0.483258936,2.682461557,0.000203471,0.000134248,6.28e-10,0.7799095620854408,0.893685802703706
1,1,0,0,0,0,1,1,0,1,0,1,1,1,1,1,0,0,1,1,1,0,1,1,1,0,1,1,1,0,1,0,1,0,1,0,0,1,1,0,0,1,0,0,1,1,1,1,1,0,0,1,1,1,1,1,0,0,1,0,0,1,1,0,0,1,0,1,0,1,0,1,1,1,0,1,1,1,0,1,1,1,0,0,1,1,1,1,1,0,1,0,1,1,0,0,0,0,1,1,0.481863303,2.709785601,0.000202337,0.000129695,5.98e-10,0.7889592788378261,0.9042630308971987
1,1,0,0,0,1,1,0,0,1,0,0,1,1,0,1,1,0,0,1,0,0,1,1,0,0,0,1,1,0,1,1,0,0,0,1,0,1,1,0,1,1,0,1,0,0,0,0,0,0,0,0,0,0,0,0,1,0,1,1,0,1,1,0,1,0,0,0,1,1,0,1,1,0,0,0,1,1,0,0,1,0,0,1,1,0,1,1,0,0,1,0,0,1,1,0,0,0,1,1,0.483259198,2.659538295,0.000203471,0.000137306,6.32e-10,0.7756597483460312,0.8880561594803263
1,1,0,0,0,1,1,1,0,1,0,0,1,0,0,0,0,0,0,1,1,0,0,0,0,0,0,0,1,0,1,0,0,1,1,1,1,0,0,0,1,0,0,1,0,0,1,0,0,0,0,0,0,1,0,0,1,0,0,1,0,0,0,1,1,1,1,0,0,1,0,1,0,0,0,0,0,0,0,1,1,0,0,0,0,0,0,1,0,0,1,0,1,1,1,0,0,0,1,1,0.484654464,2.636984803,0.000204611,0.000141461,6.53e-10,0.7677954602060071,0.8790381949786323
1,1,0,0,0,1,1,1,1,1,1,0,0,0,0,0,0,1,0,1,1,1,1,0,1,1,1,1,0,0,1,0,1,0,1,0,0,0,0,0,1,0,1,0,1,1,1,1,0,0,0,0,1,1,1,1,0,1,0,1,0,0,0,0,0,1,0,1,0,1,0,0,1,1,1,1,0,1,1,1,1,0,1,0,0,0,0,0,0,1,1,1,1,1,1,0,0,0,1,1,0.484654932,2.605862552,0.000204611,0.000146013,6.62e-10,0.7609266487079791,0.870500090490892
1,1,0,0,0,0,0,1,0,1,0,0,0,0,0,0,0,1,0,1,1,1,0,0,0,1,1,0,0,0,0,0,1,1,1,0,1,0,0,0,0,0,1,0,1,1,1,0,0,0,0,0,0,1,1,1,0,1,0,0,0,0,0,1,0,1,1,1,0,0,0,0,0,1,1,0,0,0,1,1,1,0,1,0,0,0,0,0,0,0,1,0,1,0,0,0,0,0,1,1,0.486050497,2.633221751,0.000205758,0.000143288,6.76e-10,0.7627585954025262,0.8739104150134159
1,1,0,0,1,1,1,1,1,1,1,0,1,0,0,1,0,0,0,1,1,0,0,1,1,1,1,0,1,0,1,0,1,0,0,0,0,1,0,0,1,1,1,0,0,0,0,1,0,1,1,0,1,0,0,0,0,1,1,1,0,0,1,0,0,0,0,1,0,1,0,1,0,1,1,1,1,0,0,1,1,0,0,0,1,0,0,1,0,1,1,1,1,1,1,1,0,0,1,1,0.483259066,2.675520744,0.000203471,0.000135109,6.29e-10,0.7787273480855118,0.8920847775895191
1,1,0,0,0,1,0,1,1,1,1,1,1,1,0,0,0,0,1,1,1,0,0,1,1,1,1,0,1,0,0,0,1,0,1,0,0,1,1,0,1,0,1,0,1,1,1,1,0,0,0,0,1,1,1,1,0,1,0,1,0,1,1,0,0,1,0,1,0,0,0,1,0,1,1,1,1,0,0,1,1,1,0,0,0,0,1,1,1,1,1,1,1,0,1,0,0,0,1,1,0.483259059,2.658713499,0.000203471,0.000137414,6.41e-10,0.774565301902008,0.8869438531752879
1,1,0,0,0,0,1,1,1,1,1,0,0,1,0,1,0,1,0,1,1,1,0,1,1,1,0,0,0,0,1,0,0,0,0,0,0,1,1,0,0,1,1,0,1,1,0,1,0,0,0,0,1,0,1,1,0,1,1,0,0,1,1,0,0,0,0,0,0,1,0,0,0,0,1,1,1,0,1,1,1,0,1,0,1,0,1,0,0,1,1,1,1,1,0,0,0,0,1,1,0.48325906,2.651574409,0.000203471,0.000138429,6.46e-10,0.7727502014552196,0.8847154359064018
1,1,0,0,0,0,0,1,0,1,0,0,1,1,0,1,0,1,0,1,1,1,0,1,0,1,1,0,1,0,0,0,1,0,0,1,0,1,1,0,0,1,1,1,1,1,0,0,0,0,0,0,0,0,1,1,1,1,1,0,0,1,1,0,1,0,0,1,0,0,0,1,0,1,1,0,1,0,1,1,1,0,1,0,1,0,1,1,0,0,1,0,1,0,0,0,0,0,1,1,0.480467519,2.749640657,0.000201208,0.000124041,5.67e-10,0.7991202031466867,0.9168561140953487
1,1,0,0,0,0,0,0,0,1,0,1,0,1,0,1,1,1,1,1,0,1,0,1,0,0,0,0,0,0,0,1,0,1,1,1,1,1,1,0,0,1,0,1,1,1,1,0,0,0,0,0,0,1,1,1,1,0,1,0,0,1,1,1,1,1,1,0,1,0,0,0,0,0,0,0,1,0,1,0,1,1,1,1,1,0,1,0,1,0,1,0,0,0,0,0,0,0,1,1,0.486051041,2.569543913,0.000205758,0.000152963,6.82e-10,0.7494197120695253,0.8572931922528584
1,1,0,0,0,0,0,0,1,1,1,1,0,1,1,1,0,1,1,1,0,1,0,1,0,0,1,0,0,0,0,0,1,0,1,0,0,1,1,0,0,1,0,0,0,0,1,0,1,0,0,1,0,1,0,0,0,0,1,0,0,1,1,0,0,1,0,1,0,0,0,0,0,1,0,0,1,0,1,0,1,1,1,0,1,1,1,0,1,1,1,1,0,0,0,0,0,0,1,1,0.483259312,2.689734842,0.000203471,0.000133261,6.21e-10,0.7818601461858049,0.8960731087249079
1,1,0,0,0,0,0,1,0,1,0,0,1,0,1,1,0,1,0,1,1,1,1,1,1,0,1,1,1,0,0,0,1,1,1,1,1,1,0,0,0,1,0,1,0,0,1,1,1,0,0,1,1,1,0,0,1,0,1,0,0,0,1,1,1,1,1,1,0,0,0,1,1,1,0,1,1,1,1,1,1,0,1,0,1,1,0,1,0,0,1,0,1,0,0,0,0,0,1,1,0.483259122,2.684051222,0.000203471,0.000134078,6.33e-10,0.7796105069481591,0.893508662893572
1,1,0,0,0,1,1,1,0,1,0,0,1,0,1,1,0,1,0,1,1,1,0,1,0,1,0,0,1,0,1,0,0,1,0,0,1,1,0,0,1,1,1,0,0,0,0,0,1,0,0,1,0,0,0,0,0,1,1,1,0,0,1,1,0,0,1,0,0,1,0,1,0,0,1,0,1,0,1,1,1,0,1,0,1,1,0,1,0,0,1,0,1,1,1,0,0,0,1,1,0.479071138,2.803342384,0.000200086,0.000117488,5.38e-10,0.8093211490077868,0.9307009833322151
1,1,0,0,0,1,0,1,1,1,1,1,0,0,1,0,0,1,1,1,1,1,0,1,1,1,0,0,0,0,0,0,0,0,1,1,0,1,0,0,1,0,1,1,1,1,1,1,1,0,0,1,1,1,1,1,1,1,0,1,0,0,1,0,1,1,0,0,0,0,0,0,0,0,1,1,1,0,1,1,1,1,1,0,0,1,0,0,1,1,1,1,1,0,1,0,0,0,1,1,0.486050445,2.620896667,0.000205758,0.00014526,6.91e-10,0.7586761845477789,0.8691397812113031
1,1,0,0,0,1,0,0,1,1,1,1,0,0,0,0,0,1,1,1,0,1,0,1,0,1,1,0,0,0,0,0,1,0,0,1,0,1,0,0,1,0,1,1,0,0,0,0,0,0,0,0,0,0,0,0,1,1,0,1,0,0,1,0,1,0,0,1,0,0,0,0,0,1,1,0,1,0,1,0,1,1,1,0,0,0,0,0,1,1,1,1,0,0,1,0,0,0,1,1,0.484654863,2.653390524,0.000204611,0.000139323,6.6e-10,0.7698643683405431,0.8820585326020434
1,1,0,0,0,1,0,0,0,1,0,1,0,0,0,1,0,1,1,1,0,1,1,0,0,0,0,1,0,0,0,0,0,1,1,1,1,0,0,0,1,1,0,1,0,0,1,0,0,0,0,0,0,1,0,0,1,0,1,1,0,0,0,1,1,1,1,0,0,0,0,0,1,0,0,0,0,1,1,0,1,1,1,0,1,0,0,0,1,0,1,0,0,0,1,0,0,0,1,1,0.484655005,2.623117039,0.000204611,0.00014352,6.58e-10,0.7646057115143988,0.875088457169934
1,1,0,0,0,1,1,1,1,1,1,0,0,1,1,1,1,0,0,1,1,0,1,1,0,1,0,1,0,0,1,1,0,1,0,0,1,1,1,0,1,1,1,0,1,1,0,0,1,0,0,1,0,0,1,1,0,1,1,1,0,1,1,1,0,0,1,0,1,1,0,0,1,0,1,0,1,1,0,1,1,0,0,1,1,1,1,0,0,1,1,1,1,1,1,0,0,0,1,1,0.481863163,2.711066458,0.000202337,0.000129641,6.05e-10,0.7882766967986639,0.9037047272886556
1,1,0,0,0,0,0,0,0,1,0,1,0,0,0,0,1,1,1,1,0,1,1,1,0,1,0,1,0,0,0,1,0,0,0,1,0,1,0,0,0,0,1,1,0,0,0,0,0,0,0,0,0,0,0,0,1,1,0,0,0,0,1,0,1,0,0,0,1,0,0,0,1,0,1,0,1,1,1,0,1,1,1,1,0,0,0,0,1,0,1,0,0,0,0,0,0,0,1,1,0.486050851,2.602163514,0.000205758,0.00014797,6.87e-10,0.7554474791921372,0.8649178947689371
1,1,0,0,0,1,0,1,0,1,0,0,1,1,0,1,1,1,0,1,1,1,1,0,0,0,0,1,1,0,0,1,0,1,0,1,1,0,1,0,1,1,0,1,1,1,0,0,0,0,0,0,0,0,1,1,1,0,1,1,0,1,0,1,1,0,1,0,1,0,0,1,1,0,0,0,0,1,1,1,1,0,1,1,1,0,1,1,0,0,1,0,1,0,1,0,0,0,1,1,0.480467392,2.736039697,0.000201208,0.000125693,5.83e-10,0.7955529591424156,0.9124554829910999
1,1,0,0,1,1,1,1,1,1,1,0,0,1,0,1,0,1,0,1,1,1,0,1,1,1,1,0,0,0,1,0,1,1,0,0,1,1,1,0,1,1,1,0,1,1,0,1,0,1,1,0,1,0,1,1,0,1,1,1,0,1,1,1,0,0,1,1,0,1,0,0,0,1,1,1,1,0,1,1,1,0,1,0,1,0,1,0,0,1,1,1,1,1,1,1,0,0,1,1,0.481863254,2.712569241,0.000202337,0.000129528,6.13e-10,0.7875878734394837,0.9031617760872791
1,1,0,0,0,0,1,0,0,1,0,1,0,0,0,1,1,0,1,1,0,0,1,0,0,1,0,1,0,0,1,1,0,0,0,0,0,0,0,0,0,1,1,0,1,1,0,0,0,0,0,0,0,0,1,1,0,1,1,0,0,0,0,0,0,0,0,0,1,1,0,0,1,0,1,0,0,1,0,0,1,1,0,1,1,0,0,0,1,0,1,0,0,1,0,0,0,0,1,1,0.484654913,2.650514418,0.000204611,0.00013979,6.66e-10,0.7686684306419358,0.8807023866111057
1,1,0,0,0,0,1,0,1,1,1,1,1,0,1,0,1,0,1,1,0,0,1,0,1,0,1,1,1,0,1,1,1,1,1,1,1,0,0,0,0,0,0,1,1,1,1,1,1,0,0,1,1,1,1,1,1,0,0,0,0,0,0,1,1,1,1,1,1,1,0,1,1,1,0,1,0,1,0,0,1,1,0,1,0,1,0,1,1,1,1,1,0,1,0,0,0,0,1,1,0.486050747,2.585139337,0.000205758,0.000150622,6.92e-10,0.7514096730718756,0.8600162639775963
1,1,0,0,0,0,0,0,1,1,1,1,1,1,0,1,0,0,1,1,0,0,1,1,1,0,0,1,1,0,0,0,0,0,0,0,0,1,1,0,0,1,0,0,0,0,0,1,0,0,0,0,1,0,0,0,0,0,1,0,0,1,1,0,0,0,0,0,0,0,0,1,1,0,0,1,1,1,0,0,1,1,0,0,1,0,1,1,1,1,1,1,0,0,0,0,0,0,1,1,0.488842591,2.566407505,0.00020807,0.000156648,7.37e-10,0.73836165852986,0.8461623252652075
1,1,0,0,0,1,1,0,0,1,0,0,0,0,1,1,0,1,0,1,0,1,1,0,0,1,0,1,0,0,1,0,0,0,1,1,0,0,0,0,1,1,1,1,0,0,1,0,1,0,0,1,0,1,0,0,1,1,1,1,0,0,0,0,1,1,0,0,0,1,0,0,1,0,1,0,0,1,1,0,1,0,1,0,1,1,0,0,0,0,1,0,0,1,1,0,0,0,1,1,0.481863115,2.692292464,0.000202336,0.000131929,6.1e-10,0.7849996568920973,0.8992359115789207
1,1,0,0,0,0,1,1,1,1,1,0,1,1,0,1,0,1,0,1,1,1,0,0,0,1,1,0,1,0,1,0,1,0,1,0,0,0,1,0,0,1,1,0,1,1,1,0,0,0,0,0,0,1,1,1,0,1,1,0,0,1,0,0,0,1,0,1,0,1,0,1,0,1,1,0,0,0,1,1,1,0,1,0,1,0,1,1,0,1,1,1,1,1,0,0,0,0,1,1,0.480467267,2.75869529,0.000201208,0.000123114,5.72e-10,0.79956072171392,0.9179914663196672
1,1,0,0,0,0,0,1,0,1,0,0,1,1,1,0,1,1,0,1,1,1,1,0,1,1,1,1,1,0,0,1,1,1,1,0,1,0,1,0,0,0,1,0,0,0,1,1,1,0,0,1,1,1,0,0,0,1,0,0,0,1,0,1,0,1,1,1,1,0,0,1,1,1,1,1,0,1,1,1,1,0,1,1,0,1,1,1,0,0,1,0,1,0,0,0,0,0,1,1,0.48325922,2.669823079,0.000203471,0.000135975,6.39e-10,0.7766081074923342,0.8896445023326937
1,1,0,0,0,1,1,1,1,1,1,0,1,0,1,1,0,1,0,1,1,1,1,0,0,0,0,1,1,0,1,0,0,0,1,0,0,0,0,0,1,1,0,0,0,0,1,0,1,0,0,1,0,1,0,0,0,0,1,1,0,0,0,0,0,1,0,0,0,1,0,1,1,0,0,0,0,1,1,1,1,0,1,0,1,1,0,1,0,1,1,1,1,1,1,0,0,0,1,1,0.483258744,2.662873351,0.000203471,0.000136915,6.45e-10,0.7747979574818926,0.8874274919343619
1,1,0,0,0,1,1,0,0,1,0,1,1,0,0,1,1,0,1,1,0,0,0,1,1,1,1,0,1,0,1,1,1,0,1,0,0,1,0,0,1,1,1,0,1,1,1,1,0,0,0,0,1,1,1,1,0,1,1,1,0,0,1,0,0,1,0,1,1,1,0,1,0,1,1,1,1,0,0,0,1,1,0,1,1,0,0,1,1,0,1,0,0,1,1,0,0,0,1,1,0.483259273,2.663975651,0.000203471,0.000136688,6.32e-10,0.776434452438017,0.8890918408806441
1,1,0,0,0,0,0,0,1,1,1,0,0,1,0,1,1,1,0,1,0,1,1,1,1,1,1,1,0,0,0,1,1,0,1,0,0,1,1,0,0,1,1,0,1,1,1,1,0,0,0,0,1,1,1,1,0,1,1,0,0,1,1,0,0,1,0,1,1,0,0,0,1,1,1,1,1,1,1,0,1,0,1,1,1,0,1,0,0,1,1,1,0,0,0,0,0,0,1,1,0.486051319,2.605870578,0.000205758,0.000147529,6.91e-10,0.7556457686703555,0.8653062150509208
1,1,0,0,0,1,1,0,1,1,1,1,0,0,1,1,0,1,1,1,0,1,1,1,1,0,0,1,0,0,1,0,0,0,1,0,0,1,0,0,1,1,0,0,0,0,1,1,1,0,0,1,1,1,0,0,0,0,1,1,0,0,1,0,0,1,0,0,0,1,0,0,1,0,0,1,1,1,1,0,1,1,1,0,1,1,0,0,1,1,1,1,0,1,1,0,0,0,1,1,0.484654898,2.631208799,0.000204611,0.000142445,6.63e-10,0.7654859951822136,0.8764144522813878
1,1,0,0,0,0,1,1,1,1,1,0,1,0,1,1,1,1,0,1,1,1,1,1,0,1,1,1,1,0,1,1,1,0,0,1,0,1,0,0,0,1,1,1,1,1,0,0,1,0,0,1,0,0,1,1,1,1,1,0,0,0,1,0,1,0,0,1,1,1,0,1,1,1,1,0,1,1,1,1,1,0,1,1,1,1,0,1,0,1,1,1,1,1,0,0,0,0,1,1,0.48465488,2.650571424,0.000204611,0.000139767,6.65e-10,0.7687949850712593,0.8808314580255807
1,1,0,0,0,1,0,1,0,1,0,0,1,0,0,1,1,1,0,1,1,1,0,0,1,1,0,0,1,0,0,1,0,1,1,0,1,0,0,0,1,1,1,0,1,1,1,1,0,0,0,0,1,1,1,1,0,1,1,1,0,0,0,1,0,1,1,0,1,0,0,1,0,0,1,1,0,0,1,1,1,0,1,1,1,0,0,1,0,0,1,0,1,0,1,0,0,0,1,1,0.480467456,2.760066824,0.000201208,0.000123075,5.81e-10,0.7986537899253034,0.9172599291253458
1,1,0,0,0,0,0,1,1,1,1,0,1,1,0,1,0,1,0,1,1,1,1,0,0,1,0,1,1,0,0,0,0,0,1,0,0,0,1,0,0,1,1,0,0,0,1,0,0,0,0,0,0,1,0,0,0,1,1,0,0,1,0,0,0,1,0,0,0,0,0,1,1,0,1,0,0,1,1,1,1,0,1,0,1,0,1,1,0,1,1,1,1,0,0,0,0,0,1,1,0.483259292,2.669877213,0.000203471,0.000135959,6.4e-10,0.7765252440974187,0.8895691703660227
1,1,0,0,0,1,1,0,0,1,0,0,0,1,1,1,1,0,0,1,0,0,1,1,0,1,0,1,0,0,1,1,0,1,0,0,1,1,1,0,1,1,1,0,1,1,0,0,1,0,0,1,0,0,1,1,0,1,1,1,0,1,1,1,0,0,1,0,1,1,0,0,1,0,1,0,1,1,0,0,1,0,0,1,1,1,1,0,0,0,1,0,0,1,1,0,0,0,1,1,0.481863226,2.710971359,0.000202337,0.000129682,6.07e-10,0.7880191886697475,0.9034506275598444
1,1,0,0,1,1,1,1,0,1,0,0,0,0,0,1,0,1,0,1,1,1,1,0,0,0,0,1,0,0,1,0,0,1,0,1,1,0,0,0,1,1,0,1,1,1,0,0,0,1,1,0,0,0,1,1,1,0,1,1,0,0,0,1,1,0,1,0,0,1,0,0,1,0,0,0,0,1,1,1,1,0,1,0,1,0,0,0,0,0,1,0,1,1,1,1,0,0,1,1,0.483259356,2.665548136,0.000203471,0.000136508,6.39e-10,0.7759276920469284,0.8887073071592517
1,1,0,0,0,0,0,1,0,1,0,0,0,0,0,0,1,0,0,1,1,0,1,0,1,1,0,1,0,0,0,1,0,1,0,0,1,0,0,0,0,0,1,0,0,0,0,1,0,0,0,0,1,0,0,0,0,1,0,0,0,0,0,1,0,0,1,0,1,0,0,0,1,0,1,1,0,1,0,1,1,0,0,1,0,0,0,0,0,0,1,0,1,0,0,0,0,0,1,1,0.48186293,2.777113714,0.000202336,0.000122117,5.86e-10,0.7987676993874883,0.9187419059014892
1,1,0,0,0,0,1,1,1,1,1,0,0,1,1,0,1,1,0,1,1,1,0,0,0,0,0,0,0,0,1,1,0,1,0,0,1,0,1,0,0,0,0,0,1,1,0,0,1,0,0,1,0,0,1,1,0,0,0,0,0,1,0,1,0,0,1,0,1,1,0,0,0,0,0,0,0,0,1,1,1,0,1,1,0,1,1,0,0,1,1,1,1,1,0,0,0,0,1,1,0.484655011,2.628457218,0.000204611,0.000142894,6.69e-10,0.7642856629382483,0.8750621891870303
1,1,0,0,0,1,1,1,0,1,0,1,1,0,1,0,1,1,1,1,1,1,0,0,1,1,0,0,1,0,1,1,0,0,1,0,0,0,0,0,1,0,1,0,1,1,1,1,1,0,0,1,1,1,1,1,0,1,0,1,0,0,0,0,0,1,0,0,1,1,0,1,0,0,1,1,0,0,1,1,1,1,1,1,0,1,0,1,1,0,1,0,1,1,1,0,0,0,1,1,0.481863076,2.711176725,0.000202336,0.00012963,6.06e-10,0.7881852985043902,0.9036270763815041
1,1,0,0,0,1,0,1,0,1,0,1,0,0,0,0,0,0,1,1,1,0,1,1,0,1,1,1,0,0,0,0,1,0,0,1,0,1,0,0,1,0,1,1,0,0,0,0,0,0,0,0,0,0,0,0,1,1,0,1,0,0,1,0,1,0,0,1,0,0,0,0,1,1,1,0,1,1,0,1,1,1,0,0,0,0,0,0,1,0,1,0,1,0,1,0,0,0,1,1,0.481863056,2.715596148,0.000202336,0.000129125,6.09e-10,0.7884771135066179,0.9042326457705272
1,1,0,0,0,0,0,0,0,1,0,0,0,1,1,0,0,0,0,1,0,0,0,0,1,1,0,0,0,0,0,0,0,1,0,0,1,0,1,0,0,0,1,0,0,0,0,1,1,0,0,1,1,0,0,0,0,1,0,0,0,1,0,1,0,0,1,0,0,0,0,0,0,0,1,1,0,0,0,0,1,0,0,0,0,1,1,0,0,0,1,0,0,0,0,0,0,0,1,1,0.487446688,2.609220326,0.000206911,0.000148316,7.12e-10,0.7522754253037571,0.8621976841699047
1,1,0,0,0,1,1,0,0,1,0,0,1,1,0,0,0,0,0,1,0,0,0,0,0,1,1,0,1,0,1,0,1,0,1,1,0,0,1,0,1,0,1,1,0,0,1,0,0,0,0,0,0,1,0,0,1,1,0,1,0,1,0,0,1,1,0,1,0,1,0,1,0,1,1,0,0,0,0,0,1,0,0,0,0,0,1,1,0,0,1,0,0,1,1,0,0,0,1,1,0.481863258,2.692265599,0.000202337,0.00013193,6.1e-10,0.7849978007127074,0.899232703754422
1,1,0,0,0,0,0,1,1,1,1,0,1,1,1,1,0,1,0,1,1,1,0,1,1,0,1,0,1,0,0,0,1,1,0,1,1,1,1,0,0,1,0,1,1,1,0,1,1,0,0,1,1,0,1,1,1,0,1,0,0,1,1,1,1,0,1,1,0,0,0,1,0,1,0,1,1,0,1,1,1,0,1,0,1,1,1,1,0,1,1,1,1,0,0,0,0,0,1,1,0.481863396,2.742149814,0.000202337,0.000126022,5.99e-10,0.7931249000768223,0.9106461379591729
1,1,0,0,0,1,1,1,0,1,0,1,0,1,0,0,1,0,1,1,1,0,1,0,0,1,1,1,0,0,1,1,1,0,1,0,0,0,1,0,1,0,1,0,0,0,1,0,0,0,0,0,0,1,0,0,0,1,0,1,0,1,0,0,0,1,0,1,1,1,0,0,1,1,1,0,0,1,0,1,1,1,0,1,0,0,1,0,1,0,1,0,1,1,1,0,0,0,1,1,0.479071188,2.797118555,0.000200086,0.000118205,5.5e-10,0.8073273486178768,0.9283652903084825
1,1,0,0,0,0,0,0,1,1,1,1,1,0,1,1,0,0,1,1,0,0,1,0,1,1,1,1,1,0,0,0,1,0,1,1,0,0,0,0,0,1,1,1,0,0,1,1,1,0,0,1,1,1,0,0,1,1,1,0,0,0,0,0,1,1,0,1,0,0,0,1,1,1,1,1,0,1,0,0,1,1,0,0,1,1,0,1,1,1,1,1,0,0,0,0,0,0,1,1,0.48744684,2.572223672,0.000206911,0.000154109,7.06e-10,0.7450997443219294,0.8531545319669411
1,1,0,0,0,1,0,1,0,1,0,1,1,0,0,1,1,0,1,1,1,0,1,1,1,0,1,1,1,0,0,1,1,0,1,0,0,1,0,0,1,1,0,0,1,1,1,1,0,0,0,0,1,1,1,1,0,0,1,1,0,0,1,0,0,1,0,1,1,0,0,1,1,1,0,1,1,1,0,1,1,1,0,1,1,0,0,1,1,0,1,0,1,0,1,0,0,0,1,1,0.480467245,2.759985415,0.000201208,0.000123104,5.81e-10,0.7986211336840788,0.9172187312682101
1,1,0,0,0,0,1,0,1,1,1,1,1,1,1,1,0,0,1,1,0,0,1,0,0,0,1,1,1,0,1,0,1,0,0,0,0,0,1,0,0,1,0,0,1,1,0,0,1,0,0,1,0,0,1,1,0,0,1,0,0,1,0,0,0,0,0,1,0,1,0,1,1,1,0,0,0,1,0,0,1,1,0,0,1,1,1,1,1,1,1,1,0,1,0,0,0,0,1,1,0.484655282,2.625874081,0.000204611,0.000143054,6.53e-10,0.7657434112017312,0.8763727170355029
1,1,0,0,0,1,0,1,0,1,0,1,0,1,1,0,0,0,1,1,1,0,1,1,0,1,1,1,0,0,0,0,1,1,1,1,1,1,1,0,1,0,1,1,0,0,1,0,1,0,0,1,0,1,0,0,1,1,0,1,0,1,1,1,1,1,1,1,0,0,0,0,1,1,1,0,1,1,0,1,1,1,0,0,0,1,1,0,1,0,1,0,1,0,1,0,0,0,1,1,0.480467324,2.770789903,0.000201208,0.000121862,5.72e-10,0.8008860548931095,0.9202052821792346
1,1,0,0,0,1,0,0,0,1,0,0,1,1,0,0,0,0,0,1,0,0,0,1,0,0,0,0,1,0,0,0,0,1,1,0,1,1,1,0,1,0,0,0,1,1,1,0,0,0,0,0,0,1,1,1,0,0,0,1,0,1,1,1,0,1,1,0,0,0,0,1,0,0,0,0,1,0,0,0,1,0,0,0,0,0,1,1,0,0,1,0,0,0,1,0,0,0,1,1,0.486050679,2.620804202,0.000205758,0.000145306,6.91e-10,0.7586201569351781,0.8690754984468638
1,1,0,0,0,1,1,0,1,1,1,1,1,0,1,1,0,0,1,1,0,0,0,1,1,1,1,0,1,0,1,0,1,0,0,1,0,1,0,0,1,1,1,1,0,0,0,1,1,0,0,1,1,0,0,0,1,1,1,1,0,0,1,0,1,0,0,1,0,1,0,1,0,1,1,1,1,0,0,0,1,1,0,0,1,1,0,1,1,1,1,1,0,1,1,0,0,0,1,1,0.483258833,2.676890885,0.000203471,0.000135048,6.37e-10,0.777986520935458,0.8914518823543249
1,1,0,0,0,1,1,0,0,1,0,0,1,0,1,0,0,0,0,1,0,0,1,1,0,0,1,1,1,0,1,0,1,1,1,0,1,1,0,0,1,0,0,0,1,1,1,0,1,0,0,1,0,1,1,1,0,0,0,1,0,0,1,1,0,1,1,1,0,1,0,1,1,1,0,0,1,1,0,0,1,0,0,0,0,1,0,1,0,0,1,0,0,1,1,0,0,0,1,1,0.481863237,2.711034245,0.000202337,0.000129662,6.07e-10,0.7880426019040866,0.9034797155556208
1,1,0,0,1,1,1,1,0,1,0,0,1,1,1,0,1,0,0,1,1,0,1,1,0,0,1,1,1,0,1,1,1,0,0,0,0,1,1,0,1,0,0,0,0,0,0,0,1,1,1,1,0,0,0,0,0,0,0,1,0,1,1,0,0,0,0,1,1,1,0,1,1,1,0,0,1,1,0,1,1,0,0,1,0,1,1,1,0,0,1,0,1,1,1,1,0,0,1,1,0.484654885,2.646408413,0.000204611,0.00014032,6.63e-10,0.7682664423770265,0.8800513028612813
1,1,0,0,0,0,0,1,0,1,0,1,1,1,1,0,1,0,1,1,1,0,0,0,1,0,1,0,1,0,0,1,1,1,1,1,1,0,1,0,0,0,0,1,1,1,1,1,1,0,0,1,1,1,1,1,1,0,0,0,0,1,0,1,1,1,1,1,1,0,0,1,0,1,0,1,0,0,0,1,1,1,0,1,0,1,1,1,1,0,1,0,1,0,0,0,0,0,1,1,0.48325927,2.671553129,0.000203471,0.000135542,6.26e-10,0.7784990634648631,0.8916075200053809
1,1,0,0,1,1,1,1,1,1,1,1,0,1,0,0,0,1,1,1,1,1,1,0,0,1,1,1,0,0,1,0,1,0,1,0,0,0,1,0,1,0,1,0,1,1,1,0,0,1,1,0,0,1,1,1,0,1,0,1,0,1,0,0,0,1,0,1,0,1,0,0,1,1,1,0,0,1,1,1,1,1,1,0,0,0,1,0,1,1,1,1,1,1,1,1,0,0,1,1,0.4832592,2.671314648,0.000203471,0.000135622,6.27e-10,0.7782963607502132,0.8913904354196427
1,1,0,0,0,0,1,1,0,1,0,1,1,0,1,0,1,1,1,1,1,1,1,0,1,0,1,1,1,0,1,1,1,0,1,0,0,0,0,0,0,0,0,0,0,0,1,1,1,0,0,1,1,1,0,0,0,0,0,0,0,0,0,0,0,1,0,1,1,1,0,1,1,1,0,1,0,1,1,1,1,1,1,1,0,1,0,1,1,0,1,0,1,1,0,0,0,0,1,1,0.484654882,2.616577309,0.000204611,0.000144451,6.61e-10,0.7630681856835628,0.8732022863017421
1,1,0,0,0,0,1,1,1,1,1,0,1,1,0,0,1,0,0,1,1,0,0,0,1,1,0,0,1,0,1,1,0,1,0,1,1,0,1,0,0,0,1,1,0,0,0,1,0,0,0,0,1,0,0,0,1,1,0,0,0,1,0,1,1,0,1,0,1,1,0,1,0,0,1,1,0,0,0,1,1,0,0,1,0,0,1,1,0,1,1,1,1,1,0,0,0,0,1,1,0.481863323,2.713961425,0.000202337,0.000129244,5.99e-10,0.7893821339782243,0.9049715083810889
1,1,0,0,0,1,1,0,0,1,0,1,1,0,0,1,1,1,1,1,0,1,0,0,1,1,1,0,1,0,1,1,1,1,1,0,1,0,0,0,1,1,1,0,1,1,1,1,0,0,0,0,1,1,1,1,0,1,1,1,0,0,0,1,0,1,1,1,1,1,0,1,0,1,1,1,0,0,1,0,1,1,1,1,1,0,0,1,1,0,1,0,0,1,1,0,0,0,1,1,0.484654962,2.629842373,0.000204611,0.000142806,6.77e-10,0.7636140229132995,0.8744724242211146
1,1,0,0,0,1,1,0,0,1,0,1,1,1,1,0,0,1,1,1,0,1,1,0,1,1,0,1,1,0,1,0,0,1,1,1,1,0,1,0,1,0,1,1,1,1,1,1,1,0,0,1,1,1,1,1,1,1,0,1,0,1,0,1,1,1,1,0,0,1,0,1,1,0,1,1,0,1,1,0,1,1,1,0,0,1,1,1,1,0,1,0,0,1,1,0,0,0,1,1,0.483258924,2.686868515,0.000203471,0.000133691,6.28e-10,0.7806033567938876,0.8946624076300561
1,1,0,0,0,1,0,1,1,1,1,1,0,1,0,1,1,1,1,1,1,1,0,1,0,0,0,0,0,0,0,1,0,0,1,1,0,1,1,0,1,1,0,1,0,0,1,0,0,0,0,0,0,1,0,0,1,0,1,1,0,1,1,0,1,1,0,0,1,0,0,0,0,0,0,0,1,0,1,1,1,1,1,1,1,0,1,0,1,1,1,1,1,0,1,0,0,0,1,1,0.483259063,2.660049749,0.000203471,0.000137103,6.28e-10,0.7763363712545255,0.8887601705162071
1,1,0,0,0,1,1,0,1,1,1,0,1,0,1,0,1,1,0,1,0,1,0,0,1,0,0,0,1,0,1,1,0,1,0,1,1,0,0,0,1,0,0,1,0,0,0,1,1,0,0,1,1,0,0,0,1,0,0,1,0,0,0,1,1,0,1,0,1,1,0,1,0,0,0,1,0,0,1,0,1,0,1,1,0,1,0,1,0,1,1,1,0,1,1,0,0,0,1,1,0.479071636,2.803228206,0.000200086,0.000117519,5.38e-10,0.8092897217315519,0.9306580120178637
1,1,0,0,0,1,0,1,1,1,1,0,1,1,0,0,0,1,0,1,1,1,1,0,1,0,1,1,1,0,0,0,1,1,1,1,1,0,1,0,1,0,0,1,0,0,1,1,0,0,0,0,1,1,0,0,1,0,0,1,0,1,0,1,1,1,1,1,0,0,0,1,1,1,0,1,0,1,1,1,1,0,1,0,0,0,1,1,0,1,1,1,1,0,1,0,0,0,1,1,0.481863345,2.709659509,0.000202337,0.000129943,6.19e-10,0.786486162740159,0.9018909506496754
1,1,0,0,0,0,0,0,1,1,1,0,0,0,0,0,1,0,0,1,0,0,1,0,1,1,1,1,0,0,0,1,1,1,0,1,1,0,0,0,0,0,1,1,1,1,0,1,0,0,0,0,1,0,1,1,1,1,0,0,0,0,0,1,1,0,1,1,1,0,0,0,1,1,1,1,0,1,0,0,1,0,0,1,0,0,0,0,0,1,1,1,0,0,0,0,0,0,1,1,0.487446537,2.599889966,0.00020691,0.000149864,7.2e-10,0.7494345536223609,0.8588507465156182
1,1,0,0,0,0,0,1,0,1,0,0,1,0,1,0,0,0,0,1,1,0,0,1,0,1,1,0,1,0,0,0,1,0,1,0,0,1,0,0,0,0,1,0,0,0,1,0,1,0,0,1,0,1,0,0,0,1,0,0,0,0,1,0,0,1,0,1,0,0,0,1,0,1,1,0,1,0,0,1,1,0,0,0,0,1,0,1,0,0,1,0,1,0,0,0,0,0,1,1,0.479071265,2.846477483,0.000200086,0.000113413,5.35e-10,0.8131684323401202,0.9380110730738681
1,1,0,0,0,0,1,1,1,1,1,0,0,0,0,0,1,0,0,1,1,0,1,0,1,1,0,1,0,0,1,1,0,1,1,0,1,0,0,0,0,0,1,0,1,1,1,1,0,0,0,0,1,1,1,1,0,1,0,0,0,0,0,1,0,1,1,0,1,1,0,0,1,0,1,1,0,1,0,1,1,0,0,1,0,0,0,0,0,1,1,1,1,1,0,0,0,0,1,1,0.483258925,2.70268475,0.000203471,0.000131764,6.28e-10,0.7829967973715733,0.8980637894072054
1,1,0,0,1,1,1,1,1,1,1,0,1,1,1,1,1,1,0,1,1,1,0,1,1,0,0,0,1,0,1,1,0,1,0,0,1,1,1,0,1,1,0,0,0,0,0,1,1,1,1,1,1,0,0,0,0,0,1,1,0,1,1,1,0,0,1,0,1,1,0,1,0,0,0,1,1,0,1,1,1,0,1,1,1,1,1,1,0,1,1,1,1,1,1,1,0,0,1,1,0.486050739,2.623647226,0.000205758,0.000144771,6.85e-10,0.7599067034482617,0.870528557987934
1,1,0,0,0,1,1,1,1,1,1,1,1,0,1,0,1,1,1,1,1,1,1,1,0,0,1,1,1,0,1,1,1,1,1,1,1,1,0,0,1,0,0,1,0,0,1,0,1,0,0,1,0,1,0,0,1,0,0,1,0,0,1,1,1,1,1,1,1,1,0,1,1,1,0,0,1,1,1,1,1,1,1,1,0,1,0,1,1,1,1,1,1,1,1,0,0,0,1,1,0.486050224,2.630547091,0.000205757,0.00014372,6.83e-10,0.7614972658774426,0.8724992460912894
1,1,0,0,0,0,0,1,1,1,1,0,1,1,1,0,1,1,0,1,1,1,0,0,0,0,0,0,1,0,0,1,0,0,0,0,0,0,1,0,0,0,0,0,1,1,0,0,1,0,0,1,0,0,1,1,0,0,0,0,0,1,0,0,0,0,0,0,1,0,0,1,0,0,0,0,0,0,1,1,1,0,1,1,0,1,1,1,0,1,1,1,1,0,0,0,0,0,1,1,0.486050819,2.619521561,0.000205758,0.000145366,6.83e-10,0.7593139243979279,0.8697075913317789
1,1,0,0,0,0,1,1,0,1,0,1,0,0,1,0,1,1,1,1,1,1,0,1,1,1,0,0,0,0,1,1,0,0,1,0,0,1,0,0,0,0,1,0,0,0,1,1,1,0,0,1,1,1,0,0,0,1,0,0,0,0,1,0,0,1,0,0,1,1,0,0,0,0,1,1,1,0,1,1,1,1,1,1,0,1,0,0,1,0,1,0,1,1,0,0,0,0,1,1,0.483259016,2.669630372,0.000203471,0.000136053,6.41e-10,0.7763099865533983,0.8893371347191088
1,1,0,0,0,0,1,0,0,1,0,0,0,0,1,1,1,1,0,1,0,1,1,0,0,1,0,1,0,0,1,1,0,1,0,0,1,0,0,0,0,1,1,0,1,1,0,0,1,0,0,1,0,0,1,1,0,1,1,0,0,0,0,1,0,0,1,0,1,1,0,0,1,0,1,0,0,1,1,0,1,0,1,1,1,1,0,0,0,0,1,0,0,1,0,0,0,0,1,1,0.481863447,2.712501581,0.000202337,0.00012957,6.14e-10,0.7874374410082801,0.9030092394218071
1,1,0,0,0,0,1,1,0,1,0,1,1,1,1,1,0,0,1,1,1,0,0,1,1,0,1,0,1,0,1,0,1,1,1,0,1,1,1,0,0,1,0,0,1,1,1,1,1,0,0,1,1,1,1,1,0,0,1,0,0,1,1,1,0,1,1,1,0,1,0,1,0,1,0,1,1,0,0,1,1,1,0,0,1,1,1,1,1,0,1,0,1,1,0,0,0,0,1,1,0.48186315,2.709774881,0.000202336,0.000129699,5.98e-10,0.7889551570485008,0.9042578083037227
1,1,0,0,0,0,0,0,1,1,1,1,1,0,0,0,0,1,1,1,0,1,0,1,0,1,0,0,1,0,0,0,0,1,0,1,1,1,0,0,0,0,1,1,0,0,0,0,0,0,0,0,0,0,0,0,1,1,0,0,0,0,1,1,1,0,1,0,0,0,0,1,0,0,1,0,1,0,1,0,1,1,1,0,0,0,0,1,1,1,1,1,0,0,0,0,0,0,1,1,0.487446913,2.58813142,0.000206911,0.000151577,7.14e-10,0.7476643703794502,0.8564896880198295
1,1,0,0,0,1,0,1,1,1,1,0,0,1,1,0,0,1,0,1,1,1,1,1,0,0,1,1,0,0,0,0,1,1,1,1,1,1,1,0,1,0,0,1,0,0,1,0,1,0,0,1,0,1,0,0,1,0,0,1,0,1,1,1,1,1,1,1,0,0,0,0,1,1,0,0,1,1,1,1,1,0,1,0,0,1,1,0,0,1,1,1,1,0,1,0,0,0,1,1,0.483259312,2.662734212,0.000203471,0.000136953,6.45e-10,0.7747514870105277,0.887370328428191
1,1,0,0,1,1,1,1,1,1,1,1,0,0,1,0,1,1,1,1,1,1,1,1,0,1,0,1,0,0,1,1,0,0,1,1,0,1,0,0,1,0,1,1,1,1,1,0,1,1,1,1,0,1,1,1,1,1,0,1,0,0,1,0,1,1,0,0,1,1,0,0,1,0,1,0,1,1,1,1,1,1,1,1,0,1,0,0,1,1,1,1,1,1,1,1,0,0,1,1,0.484654818,2.670135253,0.000204611,0.000136966,6.47e-10,0.7742037818765967,0.8873747254044192
1,1,0,0,0,0,1,0,1,1,1,0,1,0,1,1,1,0,0,1,0,0,0,0,0,1,1,0,1,0,1,1,1,1,1,0,1,0,0,0,0,1,1,0,0,0,1,0,1,0,0,1,0,1,0,0,0,1,1,0,0,0,0,1,0,1,1,1,1,1,0,1,0,1,1,0,0,0,0,0,1,0,0,1,1,1,0,1,0,1,1,1,0,1,0,0,0,0,1,1,0.483259194,2.661367574,0.000203471,0.000137035,6.37e-10,0.7754645436713351,0.8879873803077523
1,1,0,0,1,1,1,1,1,1,1,0,0,0,0,1,1,1,0,1,1,1,1,1,0,0,1,1,0,0,1,1,1,0,1,1,0,1,0,0,1,1,0,1,0,0,1,0,0,1,1,0,0,1,0,0,1,0,1,1,0,0,1,0,1,1,0,1,1,1,0,0,1,1,0,0,1,1,1,1,1,0,1,1,1,0,0,0,0,1,1,1,1,1,1,1,0,0,1,1,0.484655093,2.660189754,0.000204611,0.000138405,6.57e-10,0.7713584586728491,0.8839490693017041
1,1,0,0,0,1,0,1,1,1,1,1,1,1,1,0,0,0,1,1,1,0,0,1,1,1,0,0,1,0,0,0,0,0,1,1,0,1,1,0,1,0,1,1,1,1,1,1,1,0,0,1,1,1,1,1,1,1,0,1,0,1,1,0,1,1,0,0,0,0,0,1,0,0,1,1,1,0,0,1,1,1,0,0,0,1,1,1,1,1,1,1,1,0,1,0,0,0,1,1,0.486050603,2.620913172,0.000205758,0.000145247,6.91e-10,0.7586918072077952,0.8691573109793307
1,1,0,0,0,1,0,1,1,1,1,0,1,1,0,1,0,0,0,1,1,0,1,0,1,1,0,1,1,0,0,0,0,1,1,0,1,0,1,0,1,1,1,0,1,1,1,1,0,0,0,0,1,1,1,1,0,1,1,1,0,1,0,1,0,1,1,0,0,0,0,1,1,0,1,1,0,1,0,1,1,0,0,0,1,0,1,1,0,1,1,1,1,0,1,0,0,0,1,1,0.480467548,2.751093638,0.000201208,0.000123971,5.76e-10,0.7982067498532331,0.916125479064137
1,1,0,0,0,1,1,1,1,1,1,1,1,1,0,1,0,0,1,1,1,0,1,0,0,1,0,1,1,0,1,0,0,1,0,0,1,0,1,0,1,1,1,0,0,0,0,0,0,0,0,0,0,0,0,0,0,1,1,1,0,1,0,1,0,0,1,0,0,1,0,1,1,0,1,0,0,1,0,1,1,1,0,0,1,0,1,1,1,1,1,1,1,1,1,0,0,0,1,1,0.483258734,2.668636197,0.000203471,0.000136002,6.32e-10,0.7772900395230742,0.8902410002510213
1,1,0,0,1,1,1,1,1,1,1,1,0,0,0,0,0,1,1,1,1,1,1,1,0,0,0,1,0,0,1,0,0,1,1,0,1,1,0,0,1,0,0,0,0,0,1,0,0,1,1,0,0,1,0,0,0,0,0,1,0,0,1,1,0,1,1,0,0,1,0,0,1,0,0,0,1,1,1,1,1,1,1,0,0,0,0,0,1,1,1,1,1,1,1,1,0,0,1,1,0.487446891,2.567032478,0.000206911,0.000155136,7.18e-10,0.7425136276534519,0.8502858956313571
1,1,0,0,0,1,0,0,0,1,0,1,0,0,0,0,1,1,1,1,0,1,1,0,1,1,1,1,0,0,0,1,1,1,1,0,1,0,0,0,1,0,1,0,0,0,1,1,0,0,0,0,1,1,0,0,0,1,0,1,0,0,0,1,0,1,1,1,1,0,0,0,1,1,1,1,0,1,1,0,1,1,1,1,0,0,0,0,1,0,1,0,0,0,1,0,0,0,1,1,0.484654823,2.639489428,0.000204611,0.00014132,6.67e-10,0.7665578302629463,0.8779553582212312
1,1,0,0,0,1,1,1,1,1,1,1,1,1,1,0,1,0,1,1,1,0,0,0,1,0,1,0,1,0,1,1,1,1,0,1,1,0,1,0,1,0,0,1,0,0,0,1,1,0,0,1,1,0,0,0,1,0,0,1,0,1,0,1,1,0,1,1,1,1,0,1,0,1,0,1,0,0,0,1,1,1,0,1,0,1,1,1,1,1,1,1,1,1,1,0,0,0,1,1,0.481862946,2.689825704,0.000202336,0.000131979,5.93e-10,0.7868305522515157,0.9008311080888393
1,1,0,0,0,1,1,0,0,1,0,0,0,1,1,1,0,0,0,1,0,0,1,1,0,1,1,1,0,0,1,0,1,1,1,0,1,1,1,0,1,1,1,0,1,1,1,0,1,0,0,1,0,1,1,1,0,1,1,1,0,1,1,1,0,1,1,1,0,1,0,0,1,1,1,0,1,1,0,0,1,0,0,0,1,1,1,0,0,0,1,0,0,1,1,0,0,0,1,1,0.483259054,2.667002632,0.000203471,0.000136425,6.47e-10,0.7752319521101945,0.8881185246266498
1,1,0,0,0,1,0,1,0,1,0,1,0,0,0,0,0,1,1,1,1,1,0,1,1,1,1,0,0,0,0,0,1,1,1,0,1,1,0,0,1,0,1,0,1,1,1,1,0,0,0,0,1,1,1,1,0,1,0,1,0,0,1,1,0,1,1,1,0,0,0,0,0,1,1,1,1,0,1,1,1,1,1,0,0,0,0,0,1,0,1,0,1,0,1,0,0,0,1,1,0.483258989,2.672708744,0.000203471,0.000135565,6.36e-10,0.7774327742962025,0.8906320185420743
1,1,0,0,0,1,1,1,1,1,1,1,1,1,1,0,0,1,1,1,1,1,0,0,1,0,1,0,1,0,1,0,1,1,1,1,1,0,1,0,1,0,0,1,1,1,1,1,1,0,0,1,1,1,1,1,1,0,0,1,0,1,0,1,1,1,1,1,0,1,0,1,0,1,0,1,0,0,1,1,1,1,1,0,0,1,1,1,1,1,1,1,1,1,1,0,0,0,1,1,0.484654466,2.641242908,0.000204611,0.000140819,6.52e-10,0.7687240531083828,0.8802137029433829
1,1,0,0,0,1,0,1,0,1,0,1,1,1,1,1,0,1,1,1,1,1,0,1,0,1,1,0,1,0,0,0,1,0,1,1,0,1,1,0,1,1,1,1,1,1,1,0,1,0,0,1,0,1,1,1,1,1,1,1,0,1,1,0,1,1,0,1,0,0,0,1,0,1,1,0,1,0,1,1,1,1,1,0,1,1,1,1,1,0,1,0,1,0,1,0,0,0,1,1,0.480467083,2.760308982,0.000201208,0.000123012,5.8e-10,0.7988268477080898,0.9174460972596719
1,1,0,0,0,1,1,1,1,1,1,0,0,0,0,0,0,0,0,1,1,0,1,1,1,1,1,1,0,0,1,0,1,1,0,1,1,1,0,0,1,0,1,1,0,0,0,1,0,0,0,0,1,0,0,0,1,1,0,1,0,0,1,1,1,0,1,1,0,1,0,0,1,1,1,1,1,1,0,1,1,0,0,0,0,0,0,0,0,1,1,1,1,1,1,0,0,0,1,1,0.486050774,2.57978746,0.000205758,0.000151394,6.83e-10,0.7513614886986599,0.8597190386294171
1,1,0,0,0,1,1,1,0,1,0,0,0,1,0,0,0,1,0,1,1,1,0,1,0,1,1,0,0,0,1,0,1,1,1,1,1,1,1,0,1,0,1,1,0,0,1,0,0,0,0,0,0,1,0,0,1,1,0,1,0,1,1,1,1,1,1,1,0,1,0,0,0,1,1,0,1,0,1,1,1,0,1,0,0,0,1,0,0,0,1,0,1,1,1,0,0,0,1,1,0.481862993,2.683817864,0.000202336,0.000132897,6.06e-10,0.7842627173175045,0.8979509593858965
1,1,0,0,0,1,1,1,0,1,0,0,0,1,1,1,1,0,0,1,1,0,1,1,0,0,0,1,0,0,1,1,0,1,0,1,1,1,1,0,1,1,0,1,1,1,0,0,1,0,0,1,0,0,1,1,1,0,1,1,0,1,1,1,1,0,1,0,1,1,0,0,1,0,0,0,1,1,0,1,1,0,0,1,1,1,1,0,0,0,1,0,1,1,1,0,0,0,1,1,0.481863101,2.688036113,0.000202336,0.000132424,6.09e-10,0.784506682669578,0.8984695041148063
1,1,0,0,0,0,0,0,0,1,0,1,0,1,1,0,1,1,1,1,0,1,1,0,1,1,0,1,0,0,0,1,0,0,1,1,0,0,1,0,0,0,1,1,0,0,1,1,1,0,0,1,1,1,0,0,1,1,0,0,0,1,0,0,1,1,0,0,1,0,0,0,1,0,1,1,0,1,1,0,1,1,1,1,0,1,1,0,1,0,1,0,0,0,0,0,0,0,1,1,0.483259385,2.675135827,0.000203471,0.000135234,6.3e-10,0.7784726040043949,0.891802693106115
1,1,0,0,0,0,0,0,0,1,0,0,0,0,1,0,0,0,0,1,0,0,1,1,1,0,0,1,0,0,0,0,0,0,1,1,0,1,0,0,0,0,0,1,1,1,1,1,1,0,0,1,1,1,1,1,1,0,0,0,0,0,1,0,1,1,0,0,0,0,0,0,1,0,0,1,1,1,0,0,1,0,0,0,0,1,0,0,0,0,1,0,0,0,0,0,0,0,1,1,0.488842401,2.557521968,0.00020807,0.000158234,7.46e-10,0.7353560013562808,0.8427090578599571
1,1,0,0,0,0,0,0,0,1,0,1,0,1,0,1,1,0,1,1,0,0,1,0,1,0,0,1,0,0,0,1,0,1,1,1,1,0,1,0,0,1,0,1,0,0,1,1,0,0,0,0,1,1,0,0,1,0,1,0,0,1,0,1,1,1,1,0,1,0,0,0,1,0,0,1,0,1,0,0,1,1,0,1,1,0,1,0,1,0,1,0,0,0,0,0,0,0,1,1,0.480467458,2.778420353,0.000201208,0.000121016,5.67e-10,0.8022929592588101,0.9221338060005212
1,1,0,0,0,1,1,1,1,1,1,0,1,1,0,1,0,1,0,1,1,1,0,1,0,0,0,0,1,0,1,0,0,0,1,1,0,1,1,0,1,1,0,1,1,1,1,0,0,0,0,0,0,1,1,1,1,0,1,1,0,1,1,0,1,1,0,0,0,1,0,1,0,0,0,0,1,0,1,1,1,0,1,0,1,0,1,1,0,1,1,1,1,1,1,0,0,0,1,1,0.481862951,2.711136291,0.000202336,0.00012962,6.06e-10,0.7881966775008814,0.9036373245088284
1,1,0,0,0,0,0,0,1,1,1,0,0,1,1,0,0,0,0,1,0,0,1,1,0,0,0,1,0,0,0,0,0,0,0,1,0,1,1,0,0,0,0,1,0,0,0,0,1,0,0,1,0,0,0,0,1,0,0,0,0,1,1,0,1,0,0,0,0,0,0,0,1,0,0,0,1,1,0,0,1,0,0,0,0,1,1,0,0,1,1,1,0,0,0,0,0,0,1,1,0.487447034,2.582741196,0.000206911,0.000152647,7.26e-10,0.7450864048427096,0.8536123834225346
1,1,0,0,0,0,0,0,1,1,1,1,0,0,1,0,1,0,1,1,0,0,0,0,0,1,1,0,0,0,0,1,1,0,1,0,0,0,0,0,0,0,1,0,0,0,1,0,1,0,0,1,0,1,0,0,0,1,0,0,0,0,0,0,0,1,0,1,1,0,0,0,0,1,1,0,0,0,0,0,1,1,0,1,0,1,0,0,1,1,1,1,0,0,0,0,0,0,1,1,0.486050793,2.623578045,0.000205758,0.000144799,6.85e-10,0.7598724174415881,0.8704888274071692
1,1,0,0,1,1,1,1,1,1,1,0,1,1,0,1,0,0,0,1,1,0,0,1,0,1,0,0,1,0,1,0,0,0,0,0,0,1,1,0,1,1,1,0,1,1,0,0,0,1,1,0,0,0,1,1,0,1,1,1,0,1,1,0,0,0,0,0,0,1,0,1,0,0,1,0,1,0,0,1,1,0,0,0,1,0,1,1,0,1,1,1,1,1,1,1,0,0,1,1,0.483259141,2.657163653,0.000203471,0.000137544,6.34e-10,0.7751344290756103,0.8874038870452103
1,1,0,0,0,1,1,1,0,1,0,1,1,1,0,1,1,1,1,1,1,1,1,0,1,1,1,1,1,0,1,1,1,1,1,0,1,0,1,0,1,1,1,0,1,1,1,1,0,0,0,0,1,1,1,1,0,1,1,1,0,1,0,1,0,1,1,1,1,1,0,1,1,1,1,1,0,1,1,1,1,1,1,1,1,0,1,1,1,0,1,0,1,1,1,0,0,0,1,1,0.484654381,2.657731109,0.000204611,0.000138751,6.62e-10,0.7704154296415288,0.8828690343033042
1,1,0,0,0,1,0,1,1,1,1,0,1,0,0,0,0,0,0,1,1,0,1,1,1,1,1,1,1,0,0,0,1,1,1,1,1,1,0,0,1,0,1,1,1,1,1,1,0,0,0,0,1,1,1,1,1,1,0,1,0,0,1,1,1,1,1,1,0,0,0,1,1,1,1,1,1,1,0,1,1,0,0,0,0,0,0,1,0,1,1,1,1,0,1,0,0,0,1,1,0.487446289,2.59091468,0.00020691,0.000151064,7.08e-10,0.7489399930381841,0.8579185416797674
1,1,0,0,0,0,0,0,0,1,0,1,1,0,1,0,1,1,1,1,0,1,0,1,1,1,0,0,1,0,0,1,0,0,0,0,0,1,0,0,0,0,1,0,1,1,0,1,1,0,0,1,1,0,1,1,0,1,0,0,0,0,1,0,0,0,0,0,1,0,0,1,0,0,1,1,1,0,1,0,1,1,1,1,0,1,0,1,1,0,1,0,0,0,0,0,0,0,1,1,0.483259333,2.665530542,0.000203471,0.000136497,6.38e-10,0.7760440281826814,0.8888201171638443
1,1,0,0,1,1,1,1,0,1,0,0,1,0,1,1,0,0,0,1,1,0,1,0,1,0,0,1,1,0,1,0,0,0,0,1,0,0,0,0,1,1,0,1,0,0,0,1,1,1,1,1,1,0,0,0,1,0,1,1,0,0,0,0,1,0,0,0,0,1,0,1,1,0,0,1,0,1,0,1,1,0,0,0,1,1,0,1,0,0,1,0,1,1,1,1,0,0,1,1,0.481863049,2.699633626,0.000202336,0.000130981,6.07e-10,0.7864623277888019,0.9011526575705604
1,1,0,0,0,0,0,0,0,1,0,1,0,0,0,0,0,0,1,1,0,0,1,0,1,0,1,1,0,0,0,0,1,1,1,0,1,0,0,0,0,0,0,0,0,0,1,1,0,0,0,0,1,1,0,0,0,0,0,0,0,0,0,1,0,1,1,1,0,0,0,0,1,1,0,1,0,1,0,0,1,1,0,0,0,0,0,0,1,0,1,0,0,0,0,0,0,0,1,1,0.487446601,2.5881155,0.000206911,0.000151588,7.14e-10,0.7476512418590402,0.8564750181003651
1,1,0,0,0,1,0,0,1,1,1,0,1,0,0,1,0,0,0,1,0,0,1,1,1,0,1,1,1,0,0,0,1,1,0,0,1,1,0,0,1,1,0,0,1,1,0,1,0,0,0,0,1,0,1,1,0,0,1,1,0,0,1,1,0,0,1,1,0,0,0,1,1,1,0,1,1,1,0,0,1,0,0,0,1,0,0,1,0,1,1,1,0,0,1,0,0,0,1,1,0.483259265,2.692145658,0.000203471,0.000132995,6.19e-10,0.7824004055444945,0.8967492739788071
1,1,0,0,0,0,1,0,1,1,1,1,1,0,1,0,0,1,1,1,0,1,1,1,0,0,0,1,1,0,1,0,0,0,1,0,0,1,0,0,0,0,0,0,0,0,1,0,1,0,0,1,0,1,0,0,0,0,0,0,0,0,1,0,0,1,0,0,0,1,0,1,1,0,0,0,1,1,1,0,1,1,1,0,0,1,0,1,1,1,1,1,0,1,0,0,0,0,1,1,0.484654695,2.668749298,0.000204611,0.0001373,6.61e-10,0.7724100396393554,0.8855248364274575
1,1,0,0,1,1,1,1,1,1,1,0,0,1,1,1,1,0,0,1,1,0,1,0,0,1,0,1,0,0,1,1,0,1,1,1,1,0,1,0,1,1,1,1,0,0,1,0,1,1,1,1,0,1,0,0,1,1,1,1,0,1,0,1,1,1,1,0,1,1,0,0,1,0,1,0,0,1,0,1,1,0,0,1,1,1,1,0,0,1,1,1,1,1,1,1,0,0,1,1,0.48325898,2.684019588,0.000203471,0.000134095,6.33e-10,0.7795902430889767,0.8934850252883367
1,1,0,0,0,0,1,1,0,1,0,0,0,0,1,1,0,0,0,1,1,0,0,1,0,1,0,0,0,0,1,0,0,0,0,0,0,1,0,0,0,1,1,0,0,0,0,0,1,0,0,1,0,0,0,0,0,1,1,0,0,0,1,0,0,0,0,0,0,1,0,0,0,0,1,0,1,0,0,1,1,0,0,0,1,1,0,0,0,0,1,0,1,1,0,0,0,0,1,1,0.484654692,2.660327313,0.000204611,0.000138366,6.56e-10,0.7715062014240219,0.8841042264852815
1,1,0,0,0,1,0,1,0,1,0,1,1,0,0,0,1,0,1,1,1,0,0,1,1,1,1,0,1,0,0,1,1,0,0,0,0,1,0,0,1,0,1,0,1,1,0,1,0,0,0,0,1,0,1,1,0,1,0,1,0,0,1,0,0,0,0,1,1,0,0,1,0,1,1,1,1,0,0,1,1,1,0,1,0,0,0,1,1,0,1,0,1,0,1,0,0,0,1,1,0.479071587,2.798748987,0.000200086,0.000117908,5.35e-10,0.8092815698289485,0.9302637495787185
1,1,0,0,0,1,1,0,1,1,1,0,1,1,1,0,0,1,0,1,0,1,1,1,1,0,0,1,1,0,1,0,0,0,1,1,0,1,1,0,1,0,0,1,0,0,1,1,1,0,0,1,1,1,0,0,1,0,0,1,0,1,1,0,1,1,0,0,0,1,0,1,1,0,0,1,1,1,1,0,1,0,1,0,0,1,1,1,0,1,1,1,0,1,1,0,0,0,1,1,0.481863363,2.727028612,0.000202337,0.000127638,5.87e-10,0.7925410173081691,0.9089313284304145
1,1,0,0,0,0,1,0,0,1,0,1,1,1,0,1,0,0,1,1,0,0,0,0,1,1,0,0,1,0,1,0,0,0,0,0,0,0,1,0,0,1,1,0,1,1,0,1,0,0,0,0,1,0,1,1,0,1,1,0,0,1,0,0,0,0,0,0,0,1,0,1,0,0,1,1,0,0,0,0,1,1,0,0,1,0,1,1,1,0,1,0,0,1,0,0,0,0,1,1,0.483258961,2.665535919,0.000203471,0.000136522,6.39e-10,0.7759111646462876,0.8886888459407628
1,1,0,0,0,0,1,0,1,1,1,0,0,0,1,1,1,0,0,1,0,0,0,1,1,0,1,0,0,0,1,1,1,0,1,1,0,1,0,0,0,1,0,1,0,0,1,1,1,0,0,1,1,1,0,0,1,0,1,0,0,0,1,0,1,1,0,1,1,1,0,0,0,1,0,1,1,0,0,0,1,0,0,1,1,1,0,0,0,1,1,1,0,1,0,0,0,0,1,1,0.483259288,2.683854605,0.000203471,0.000134161,6.34e-10,0.7794097594551432,0.8932937232136366
1,1,0,0,0,0,0,0,0,1,0,0,0,1,1,0,1,0,0,1,0,0,0,1,0,1,1,0,0,0,0,1,1,0,1,0,0,1,1,0,0,0,1,0,0,0,1,0,1,0,0,1,0,1,0,0,0,1,0,0,0,1,1,0,0,1,0,1,1,0,0,0,0,1,1,0,1,0,0,0,1,0,0,1,0,1,1,0,0,0,1,0,0,0,0,0,0,0,1,1,0.483259252,2.698150623,0.000203471,0.00013231,6.26e-10,0.7825219854594375,0.8972896879137982
1,1,0,0,0,0,0,0,1,1,1,0,1,0,1,1,1,1,0,1,0,1,0,0,1,0,1,0,1,0,0,1,1,0,0,1,0,0,0,0,0,1,0,1,1,1,0,1,1,0,0,1,1,0,1,1,1,0,1,0,0,0,0,0,1,0,0,1,1,0,0,1,0,1,0,1,0,0,1,0,1,0,1,1,1,1,0,1,0,1,1,1,0,0,0,0,0,0,1,1,0.481863713,2.733073514,0.000202337,0.000127012,5.96e-10,0.792294373767336,0.9091622704883976
1,1,0,0,0,1,1,1,1,1,1,0,1,1,0,1,1,1,0,1,1,1,1,0,1,0,0,1,1,0,1,1,0,0,0,0,0,0,1,0,1,1,0,0,1,1,0,1,0,0,0,0,1,0,1,1,0,0,1,1,0,1,0,0,0,0,0,0,1,1,0,1,1,0,0,1,0,1,1,1,1,0,1,1,1,0,1,1,0,1,1,1,1,1,1,0,0,0,1,1,0.483259101,2.686744974,0.000203471,0.000133739,6.29e-10,0.7804432576794763,0.8944958645370785
1,1,0,0,0,1,1,1,1,1,1,1,1,0,1,1,0,1,1,1,1,1,0,1,0,0,0,0,1,0,1,0,0,1,1,1,1,1,0,0,1,1,0,1,0,0,1,0,1,0,0,1,0,1,0,0,1,0,1,1,0,0,1,1,1,1,1,0,0,1,0,1,0,0,0,0,1,0,1,1,1,1,1,0,1,1,0,1,1,1,1,1,1,1,1,0,0,0,1,1,0.483258761,2.668543626,0.000203471,0.000136026,6.32e-10,0.7772610452803477,0.8902053361586031
1,1,0,0,0,1,0,0,1,1,1,0,0,0,0,1,0,1,0,1,0,1,0,1,1,1,0,0,0,0,0,0,0,1,0,1,1,1,0,0,1,1,1,1,0,0,0,1,0,0,0,0,1,0,0,0,1,1,1,1,0,0,1,1,1,0,1,0,0,0,0,0,0,0,1,1,1,0,1,0,1,0,1,0,1,0,0,0,0,1,1,1,0,0,1,0,0,0,1,1,0.4846552,2.631256779,0.000204611,0.000142417,6.63e-10,0.7655193930000466,0.8764523911589436
1,1,0,0,0,1,0,1,0,1,0,0,1,1,0,0,0,0,0,1,1,0,1,0,1,0,1,1,1,0,0,0,1,1,0,1,1,0,1,0,1,0,0,1,0,0,0,1,0,0,0,0,1,0,0,0,1,0,0,1,0,1,0,1,1,0,1,1,0,0,0,1,1,1,0,1,0,1,0,1,1,0,0,0,0,0,1,1,0,0,1,0,1,0,1,0,0,0,1,1,0.479071544,2.797086691,0.000200086,0.000118208,5.5e-10,0.8073245531440922,0.9283599766061694
1,1,0,0,0,1,0,1,1,1,1,0,1,0,1,0,1,0,0,1,1,0,1,0,1,0,0,1,1,0,0,1,0,0,1,0,0,0,0,0,1,0,0,0,0,0,1,1,1,0,0,1,1,1,0,0,0,0,0,1,0,0,0,0,0,1,0,0,1,0,0,1,1,0,0,1,0,1,0,1,1,0,0,1,0,1,0,1,0,1,1,1,1,0,1,0,0,0,1,1,0.480467183,2.761871438,0.000201208,0.000122698,5.66e-10,0.8006554121349176,0.9192692317476056
1,1,0,0,0,1,0,0,1,1,1,0,0,1,1,0,0,0,0,1,0,0,0,0,1,1,1,0,0,0,0,0,1,0,1,0,0,0,1,0,1,0,1,0,1,1,1,1,1,0,0,1,1,1,1,1,0,1,0,1,0,1,0,0,0,1,0,1,0,0,0,0,0,1,1,1,0,0,0,0,1,0,0,0,0,1,1,0,0,1,1,1,0,0,1,0,0,0,1,1,0.484655082,2.635453537,0.000204611,0.000141828,6.64e-10,0.7661872837592114,0.8773540466480163
1,1,0,0,0,1,1,0,0,1,0,0,1,1,0,0,1,1,0,1,0,1,0,0,1,0,0,0,1,0,1,1,0,1,1,0,1,0,1,0,1,0,0,0,1,1,1,1,0,0,0,0,1,1,1,1,0,0,0,1,0,1,0,1,0,1,1,0,1,1,0,1,0,0,0,1,0,0,1,0,1,0,1,1,0,0,1,1,0,0,1,0,0,1,1,0,0,0,1,1,0.480467564,2.735893615,0.000201209,0.000125736,5.83e-10,0.7955038552024886,0.9123940002415506
1,1,0,0,0,1,0,0,1,1,1,0,1,0,0,0,0,0,0,1,0,0,0,0,1,0,0,0,1,0,0,0,0,1,0,0,1,0,0,0,1,0,0,0,0,0,0,1,0,0,0,0,1,0,0,0,0,0,0,1,0,0,0,1,0,0,1,0,0,0,0,1,0,0,0,1,0,0,0,0,1,0,0,0,0,0,0,1,0,1,1,1,0,0,1,0,0,0,1,1,0.48605061,2.646900772,0.000205758,0.000141548,6.91e-10,0.763670591878063,0.8756056293930187
1,1,0,0,0,1,1,1,0,1,0,0,1,1,0,1,1,0,0,1,1,0,1,0,0,0,1,1,1,0,1,1,1,0,1,1,0,0,1,0,1,1,0,1,0,0,1,0,0,0,0,0,0,1,0,0,1,0,1,1,0,1,0,0,1,1,0,1,1,1,0,1,1,1,0,0,0,1,0,1,1,0,0,1,1,0,1,1,0,0,1,0,1,1,1,0,0,0,1,1,0.480467301,2.73741514,0.000201208,0.000125446,5.71e-10,0.797150038033216,0.914052153310941
1,1,0,0,0,0,1,1,0,1,0,1,1,1,1,1,1,0,1,1,1,0,1,1,0,0,0,1,1,0,1,1,0,0,0,1,0,1,1,0,0,1,0,1,1,1,0,0,1,0,0,1,0,0,1,1,1,0,1,0,0,1,1,0,1,0,0,0,1,1,0,1,1,0,0,0,1,1,0,1,1,1,0,1,1,1,1,1,1,0,1,0,1,1,0,0,0,0,1,1,0.481863489,2.695232747,0.000202337,0.00013152,6.06e-10,0.7859226781674861,0.9003303753066659
1,1,0,0,0,1,0,0,0,1,0,0,1,0,1,0,1,0,0,1,0,0,0,0,0,1,1,0,1,0,0,1,1,0,1,1,0,0,0,0,1,0,1,1,1,1,1,0,1,0,0,1,0,1,1,1,1,1,0,1,0,0,0,0,1,1,0,1,1,0,0,1,0,1,1,0,0,0,0,0,1,0,0,1,0,1,0,1,0,0,1,0,0,0,1,0,0,0,1,1,0.481863375,2.744222714,0.000202337,0.000125907,6.07e-10,0.7924676742821184,0.9101818740478782
1,1,0,0,0,1,0,1,0,1,0,0,0,1,0,1,1,0,0,1,1,0,1,1,0,0,0,1,0,0,0,1,0,1,1,0,1,1,1,0,1,1,0,0,1,1,1,0,0,0,0,0,0,1,1,1,0,0,1,1,0,1,1,1,0,1,1,0,1,0,0,0,1,0,0,0,1,1,0,1,1,0,0,1,1,0,1,0,0,0,1,0,1,0,1,0,0,0,1,1,0.480467476,2.744930468,0.000201208,0.000124776,5.88e-10,0.7960543910133104,0.913618352249947
1,1,0,0,0,0,1,1,0,1,0,0,0,0,1,0,1,1,0,1,1,1,1,1,1,1,1,1,0,0,1,1,1,0,1,0,0,1,0,0,0,0,1,0,0,0,1,1,1,0,0,1,1,1,0,0,0,1,0,0,0,0,1,0,0,1,0,1,1,1,0,0,1,1,1,1,1,1,1,1,1,0,1,1,0,1,0,0,0,0,1,0,1,1,0,0,0,0,1,1,0.484654978,2.6244221,0.000204611,0.000143434,6.66e-10,0.7638810296301748,0.8744377541085999
1,1,0,0,0,1,0,1,1,1,1,1,1,0,1,0,0,1,1,1,1,1,0,1,0,1,1,0,1,0,0,0,1,1,1,1,1,1,0,0,1,0,1,1,0,0,1,0,1,0,0,1,0,1,0,0,1,1,0,1,0,0,1,1,1,1,1,1,0,0,0,1,0,1,1,0,1,0,1,1,1,1,1,0,0,1,0,1,1,1,1,1,1,0,1,0,0,0,1,1,0.481862909,2.75419957,0.000202336,0.000124673,5.97e-10,0.7948606983371486,0.9132297643972638
1,1,0,0,0,0,0,1,0,1,0,1,1,0,0,0,1,1,1,1,1,1,1,1,0,1,0,1,1,0,0,1,0,1,1,1,1,1,0,0,0,0,1,1,0,0,1,0,0,0,0,0,0,1,0,0,1,1,0,0,0,0,1,1,1,1,1,0,1,0,0,1,1,0,1,0,1,1,1,1,1,1,1,1,0,0,0,1,1,0,1,0,1,0,0,0,0,0,1,1,0.484654689,2.663140687,0.000204611,0.000138144,6.71e-10,0.7703676766687441,0.8831554064429914
1,1,0,0,0,1,1,1,0,1,0,0,0,0,0,1,1,0,0,1,1,0,0,0,1,0,1,0,0,0,1,1,1,0,0,1,0,0,0,0,1,1,0,1,1,1,0,1,0,0,0,0,1,0,1,1,1,0,1,1,0,0,0,0,1,0,0,1,1,1,0,0,0,1,0,1,0,0,0,1,1,0,0,1,1,0,0,0,0,0,1,0,1,1,1,0,0,0,1,1,0.483258748,2.701192382,0.000203471,0.000131891,6.23e-10,0.7833396893751696,0.8982897544311442
1,1,0,0,0,1,1,1,1,1,1,0,0,1,0,0,0,0,0,1,1,0,0,0,0,0,1,0,0,0,1,0,1,1,1,0,1,0,1,0,1,0,0,0,1,1,1,0,0,0,0,0,0,1,1,1,0,0,0,1,0,1,0,1,0,1,1,1,0,1,0,0,0,1,0,0,0,0,0,1,1,0,0,0,0,0,1,0,0,1,1,1,1,1,1,0,0,0,1,1,0.484654714,2.613882409,0.000204611,0.000144907,6.67e-10,0.7618359250502574,0.8718299673797836
1,1,0,0,0,0,1,0,0,1,0,1,0,0,0,0,1,1,1,1,0,1,0,0,1,1,1,0,0,0,1,1,1,1,1,0,1,0,0,0,0,0,1,0,0,0,1,1,0,0,0,0,1,1,0,0,0,1,0,0,0,0,0,1,0,1,1,1,1,1,0,0,0,1,1,1,0,0,1,0,1,1,1,1,0,0,0,0,1,0,1,0,0,1,0,0,0,0,1,1,0.486050561,2.58880937,0.000205758,0.000150177,6.96e-10,0.7516060388506206,0.8603868668610675
1,1,0,0,0,0,1,1,0,1,0,1,1,1,0,1,0,1,1,1,1,1,0,1,1,1,1,0,1,0,1,0,1,0,1,0,0,1,1,0,0,1,1,0,0,0,1,1,0,0,0,0,1,1,0,0,0,1,1,0,0,1,1,0,0,1,0,1,0,1,0,1,0,1,1,1,1,0,1,1,1,1,1,0,1,0,1,1,1,0,1,0,1,1,0,0,0,0,1,1,0.480467227,2.757103415,0.000201208,0.000123431,5.86e-10,0.7977539976793998,0.916181240062101
1,1,0,0,0,0,0,0,0,1,0,1,0,0,0,0,0,0,1,1,0,0,0,1,1,0,0,0,0,0,0,0,0,1,1,0,1,1,0,0,0,0,0,0,1,1,1,1,0,0,0,0,1,1,1,1,0,0,0,0,0,0,1,1,0,1,1,0,0,0,0,0,0,0,0,1,1,0,0,0,1,1,0,0,0,0,0,0,1,0,1,0,0,0,0,0,0,0,1,1,0.490238236,2.536580047,0.000209235,0.000163517,7.68e-10,0.7259349694012289,0.8323364310795325
1,1,0,0,0,1,1,1,0,1,0,0,1,0,1,1,1,1,0,1,1,1,1,1,0,0,1,1,1,0,1,1,1,1,1,0,1,1,0,0,1,1,0,0,0,0,1,0,1,0,0,1,0,1,0,0,0,0,1,1,0,0,1,1,0,1,1,1,1,1,0,1,1,1,0,0,1,1,1,1,1,0,1,1,1,1,0,1,0,0,1,0,1,1,1,0,0,0,1,1,0.483258465,2.682620591,0.00020347,0.000134203,6.26e-10,0.7801731882489545,0.8939525754728305
1,1,0,0,0,1,1,1,0,1,0,1,1,1,1,0,0,1,1,1,1,1,1,0,0,0,1,1,1,0,1,0,1,0,0,1,0,0,1,0,1,0,0,1,1,1,0,0,1,0,0,1,0,0,1,1,1,0,0,1,0,1,0,0,1,0,0,1,0,1,0,1,1,1,0,0,0,1,1,1,1,1,1,0,0,1,1,1,1,0,1,0,1,1,1,0,0,0,1,1,0.481862978,2.702523275,0.000202336,0.000130593,6.01e-10,0.7875731292430462,0.9024228553663884
1,1,0,0,0,1,0,0,1,1,1,0,1,0,1,0,1,1,0,1,0,1,0,1,1,1,1,0,1,0,0,1,1,0,1,1,0,1,0,0,1,0,1,1,0,0,1,1,1,0,0,1,1,1,0,0,1,1,0,1,0,0,1,0,1,1,0,1,1,0,0,1,0,1,1,1,1,0,1,0,1,0,1,1,0,1,0,1,0,1,1,1,0,0,1,0,0,0,1,1,0.479071546,2.854263542,0.000200086,0.000112729,5.33e-10,0.8139166776013165,0.9393896424100314
1,1,0,0,0,1,0,0,1,1,1,0,0,0,0,1,1,1,0,1,0,1,0,0,1,1,1,0,0,0,0,1,1,1,1,0,1,0,0,0,1,1,1,0,0,0,1,1,0,0,0,0,1,1,0,0,0,1,1,1,0,0,0,1,0,1,1,1,1,0,0,0,0,1,1,1,0,0,1,0,1,0,1,1,1,0,0,0,0,1,1,1,0,0,1,0,0,0,1,1,0.486050856,2.616619361,0.000205758,0.000145911,6.9e-10,0.757906217683802,0.8681402089227754
1,1,0,0,0,0,1,0,0,1,0,0,0,1,1,0,1,0,0,1,0,0,1,0,0,1,0,1,0,0,1,1,0,1,1,0,1,0,1,0,0,0,1,0,1,1,1,0,1,0,0,1,0,1,1,1,0,1,0,0,0,1,0,1,0,1,1,0,1,1,0,0,1,0,1,0,0,1,0,0,1,0,0,1,0,1,1,0,0,0,1,0,0,1,0,0,0,0,1,1,0.479071571,2.81600742,0.000200086,0.000116258,5.36e-10,0.8106468200277492,0.9329986248077276
1,1,0,0,0,0,1,0,0,1,0,1,1,0,1,0,0,1,1,1,0,1,0,1,1,1,1,0,1,0,1,0,1,1,0,0,1,1,0,0,0,0,1,0,0,0,0,1,1,0,0,1,1,0,0,0,0,1,0,0,0,0,1,1,0,0,1,1,0,1,0,1,0,1,1,1,1,0,1,0,1,1,1,0,0,1,0,1,1,0,1,0,0,1,0,0,0,0,1,1,0.481863411,2.716907443,0.000202337,0.000129069,6.15e-10,0.7879415168351276,0.9038092642492349
1,1,0,0,0,1,1,1,0,1,0,1,0,0,1,1,1,0,1,1,1,0,0,1,0,0,0,0,0,0,1,1,0,1,1,0,1,1,0,0,1,1,0,0,0,0,1,0,1,0,0,1,0,1,0,0,0,0,1,1,0,0,1,1,0,1,1,0,1,1,0,0,0,0,0,0,1,0,0,1,1,1,0,1,1,1,0,0,1,0,1,0,1,1,1,0,0,0,1,1,0.481862901,2.706719418,0.000202336,0.000130148,6.05e-10,0.7876733290241914,0.9028169583015961
1,1,0,0,0,0,0,1,0,1,0,0,1,1,1,1,1,0,0,1,1,0,1,1,1,0,1,1,1,0,0,1,1,0,0,0,0,1,1,0,0,1,0,0,1,1,0,1,1,0,0,1,1,0,1,1,0,0,1,0,0,1,1,0,0,0,0,1,1,0,0,1,1,1,0,1,1,1,0,1,1,0,0,1,1,1,1,1,0,0,1,0,1,0,0,0,0,0,1,1,0.483259538,2.671032922,0.000203471,0.000135737,6.28e-10,0.7780530477156516,0.8911274954861031
1,1,0,0,1,1,1,1,0,1,0,0,1,0,0,0,1,0,0,1,1,0,0,1,1,0,0,0,1,0,1,1,0,1,0,0,1,1,0,0,1,0,0,0,1,1,0,1,0,1,1,0,1,0,1,1,0,0,0,1,0,0,1,1,0,0,1,0,1,1,0,1,0,0,0,1,1,0,0,1,1,0,0,1,0,0,0,1,0,0,1,0,1,1,1,1,0,0,1,1,0.48046755,2.743285235,0.000201208,0.000124908,5.8e-10,0.7967480331685908,0.9141367601572412
1,1,0,0,0,0,1,1,1,1,1,1,0,1,0,1,0,1,1,1,1,1,1,1,1,0,0,1,0,0,1,0,0,0,0,1,0,1,1,0,0,1,0,1,1,1,0,1,0,0,0,0,1,0,1,1,1,0,1,0,0,1,1,0,1,0,0,0,0,1,0,0,1,0,0,1,1,1,1,1,1,1,1,0,1,0,1,0,1,1,1,1,1,1,0,0,0,0,1,1,0.483258871,2.679853727,0.000203471,0.000134573,6.3e-10,0.7792949649706696,0.8929230443378218
1,1,0,0,0,0,1,0,0,1,0,0,0,0,0,1,1,1,0,1,0,1,0,0,1,1,0,0,0,0,1,1,0,1,0,0,1,0,0,0,0,1,1,0,1,1,0,1,0,0,0,0,1,0,1,1,0,1,1,0,0,0,0,1,0,0,1,0,1,1,0,0,0,0,1,1,0,0,1,0,1,0,1,1,1,0,0,0,0,0,1,0,0,1,0,0,0,0,1,1,0.48325901,2.68822713,0.000203471,0.000133608,6.36e-10,0.7799047258797978,0.8940761811460389
1,1,0,0,0,0,1,0,1,1,1,0,0,1,0,0,1,0,0,1,0,0,0,1,1,0,1,0,0,0,1,1,1,1,1,0,1,1,1,0,0,0,0,0,0,0,1,1,0,0,0,0,1,1,0,0,0,0,0,0,0,1,1,1,0,1,1,1,1,1,0,0,0,1,0,1,1,0,0,0,1,0,0,1,0,0,1,0,0,1,1,1,0,1,0,0,0,0,1,1,0.486050898,2.58097443,0.000205758,0.000151322,6.91e-10,0.7506004699342759,0.8590015778921165
1,1,0,0,0,0,0,0,0,1,0,0,1,1,1,1,1,1,0,1,0,1,1,1,1,0,1,1,1,0,0,1,1,1,1,1,1,1,1,0,0,1,0,1,1,1,1,1,1,0,0,1,1,1,1,1,1,0,1,0,0,1,1,1,1,1,1,1,1,0,0,1,1,1,0,1,1,1,1,0,1,0,1,1,1,1,1,1,0,0,1,0,0,0,0,0,0,0,1,1,0.488842897,2.562616251,0.00020807,0.000157232,7.36e-10,0.7376619163504415,0.8452848670344008
1,1,0,0,0,1,0,0,1,1,1,0,1,1,1,1,0,0,0,1,0,0,0,1,0,1,0,0,1,0,0,0,0,0,0,0,0,1,1,0,1,1,1,0,0,0,0,0,1,0,0,1,0,0,0,0,0,1,1,1,0,1,1,0,0,0,0,0,0,0,0,1,0,0,1,0,1,0,0,0,1,0,0,0,1,1,1,1,0,1,1,1,0,0,1,0,0,0,1,1,0.486050898,2.616777592,0.000205758,0.000145849,6.89e-10,0.7580817118485693,0.8683269078430937
1,1,0,0,0,0,1,1,0,1,0,1,1,0,1,0,1,0,1,1,1,0,1,1,0,1,0,1,1,0,1,1,0,1,0,0,1,1,0,0,0,0,1,0,0,0,0,0,1,0,0,1,0,0,0,0,0,1,0,0,0,0,1,1,0,0,1,0,1,1,0,1,1,0,1,0,1,1,0,1,1,1,0,1,0,1,0,1,1,0,1,0,1,1,0,0,0,0,1,1,0.479071263,2.83029234,0.000200086,0.000114978,5.43e-10,0.811012614185606,0.9346211768530074
1,1,0,0,0,1,1,1,1,1,1,1,0,1,0,1,0,0,1,1,1,0,1,1,0,0,0,1,0,0,1,0,0,0,0,0,0,1,1,0,1,1,0,0,0,0,0,0,0,0,0,0,0,0,0,0,0,0,1,1,0,1,1,0,0,0,0,0,0,1,0,0,1,0,0,0,1,1,0,1,1,1,0,0,1,0,1,0,1,1,1,1,1,1,1,0,0,0,1,1,0.486050291,2.608889662,0.000205757,0.000146937,6.84e-10,0.7571260153208144,0.8669539132364492
1,1,0,0,0,0,1,0,0,1,0,1,0,0,1,0,0,1,1,1,0,1,1,1,1,1,0,1,0,0,1,0,0,1,1,0,1,1,0,0,0,0,1,0,1,1,1,1,1,0,0,1,1,1,1,1,0,1,0,0,0,0,1,1,0,1,1,0,0,1,0,0,1,0,1,1,1,1,1,0,1,1,1,0,0,1,0,0,1,0,1,0,0,1,0,0,0,0,1,1,0.483259119,2.67394782,0.000203471,0.000135505,6.43e-10,0.7768087167711262,0.890105042094526
1,1,0,0,0,1,0,0,1,1,1,0,1,0,0,0,1,0,0,1,0,0,0,0,1,0,0,0,1,0,0,1,0,1,1,1,1,0,0,0,1,0,0,1,1,1,1,1,0,0,0,0,1,1,1,1,1,0,0,1,0,0,0,1,1,1,1,0,1,0,0,1,0,0,0,1,0,0,0,0,1,0,0,1,0,0,0,1,0,1,1,1,0,0,1,0,0,0,1,1,0.484654911,2.665876724,0.000204611,0.000137746,6.67e-10,0.7712634320040512,0.8842096310215769
1,1,0,0,0,0,0,0,1,1,1,0,0,1,1,0,0,1,0,1,0,1,1,0,1,0,1,1,0,0,0,0,1,0,1,1,0,0,1,0,0,0,0,1,1,1,1,1,1,0,0,1,1,1,1,1,1,0,0,0,0,1,0,0,1,1,0,1,0,0,0,0,1,1,0,1,0,1,1,0,1,0,1,0,0,1,1,0,0,1,1,1,0,0,0,0,0,0,1,1,0.484655347,2.655945414,0.000204611,0.000138935,6.54e-10,0.7709682738385005,0.8832972202089872
1,1,0,0,1,1,1,1,0,1,0,1,0,1,0,1,1,0,1,1,1,0,1,0,1,1,0,1,0,0,1,1,0,1,1,1,1,0,1,0,1,1,1,1,0,0,1,1,0,1,1,0,1,1,0,0,1,1,1,1,0,1,0,1,1,1,1,0,1,1,0,0,1,0,1,1,0,1,0,1,1,1,0,1,1,0,1,0,1,0,1,0,1,1,1,1,0,0,1,1,0.479071324,2.84640994,0.000200086,0.000113445,5.36e-10,0.8130333027879105,0.9378814170663929
1,1,0,0,1,1,1,1,0,1,0,0,1,1,0,1,1,1,0,1,1,1,1,0,1,0,0,1,1,0,1,1,0,0,1,0,0,0,1,0,1,1,0,0,0,0,1,1,0,1,1,0,1,1,0,0,0,0,1,1,0,1,0,0,0,1,0,0,1,1,0,1,1,0,0,1,0,1,1,1,1,0,1,1,1,0,1,1,0,0,1,0,1,1,1,1,0,0,1,1,0.481862991,2.728673358,0.000202336,0.00012749,5.93e-10,0.7920611824363032,0.9086018192494622
1,1,0,0,0,0,0,0,0,1,0,0,0,1,0,0,1,0,0,1,0,0,1,1,0,1,0,1,0,0,0,1,0,1,1,0,1,1,1,0,0,0,1,0,1,1,1,0,0,0,0,0,0,1,1,1,0,1,0,0,0,1,1,1,0,1,1,0,1,0,0,0,1,0,1,0,1,1,0,0,1,0,0,1,0,0,1,0,0,0,1,0,0,0,0,0,0,0,1,1,0.48325921,2.71137349,0.000203471,0.000130754,6.33e-10,0.7837638218168025,0.8994242854068331
1,1,0,0,1,1,1,1,0,1,0,0,0,0,0,0,1,0,0,1,1,0,1,1,0,0,1,1,0,0,1,1,1,0,0,0,0,1,0,0,1,0,0,0,0,0,0,0,0,1,1,0,0,0,0,0,0,0,0,1,0,0,1,0,0,0,0,1,1,1,0,0,1,1,0,0,1,1,0,1,1,0,0,1,0,0,0,0,0,0,1,0,1,1,1,1,0,0,1,1,0.486050807,2.610035341,0.000205758,0.000146912,6.9e-10,0.7565721685130332,0.8664487479631373
1,1,0,0,0,1,0,0,0,1,0,0,1,0,1,1,1,1,0,1,0,1,1,0,1,1,0,1,1,0,0,1,0,1,0,0,1,0,0,0,1,1,1,0,0,0,0,1,1,0,0,1,1,0,0,0,0,1,1,1,0,0,0,1,0,0,1,0,1,0,0,1,1,0,1,1,0,1,1,0,1,0,1,1,1,1,0,1,0,0,1,0,0,0,1,0,0,0,1,1,0.481863624,2.730639572,0.000202337,0.000127403,6.01e-10,0.7913258570225538,0.9080463096188766
1,1,0,0,1,1,1,1,1,1,1,1,0,0,0,1,1,1,1,1,1,1,1,0,1,0,1,1,0,0,1,1,1,0,1,1,0,0,0,0,1,1,0,1,1,1,1,1,0,1,1,0,1,1,1,1,1,0,1,1,0,0,0,0,1,1,0,1,1,1,0,0,1,1,0,1,0,1,1,1,1,1,1,1,1,0,0,0,1,1,1,1,1,1,1,1,0,0,1,1,0.487446208,2.605255137,0.00020691,0.000148898,7.1e-10,0.7516737170781744,0.861383112509544
1,1,0,0,0,0,0,1,0,1,0,1,1,1,1,0,0,1,1,1,1,1,0,1,1,1,0,0,1,0,0,0,0,1,0,1,1,1,1,0,0,0,1,1,0,0,0,1,1,0,0,1,1,0,0,0,1,1,0,0,0,1,1,1,1,0,1,0,0,0,0,1,0,0,1,1,1,0,1,1,1,1,1,0,0,1,1,1,1,0,1,0,1,0,0,0,0,0,1,1,0.484655142,2.632622463,0.000204611,0.000142324,6.7e-10,0.7649386617360276,0.8759509676916932
1,1,0,0,0,0,0,0,1,1,1,1,1,0,1,0,0,0,1,1,0,0,1,1,1,0,0,1,1,0,0,0,0,0,0,1,0,1,0,0,0,0,0,1,0,0,0,1,1,0,0,1,1,0,0,0,1,0,0,0,0,0,1,0,1,0,0,0,0,0,0,1,1,0,0,1,1,1,0,0,1,1,0,0,0,1,0,1,1,1,1,1,0,0,0,0,0,0,1,1,0.487446778,2.587994493,0.000206911,0.00015166,7.15e-10,0.7474659534744299,0.8562782301336663
1,1,0,0,1,1,1,1,0,1,0,1,0,1,1,0,1,0,1,1,1,0,1,1,0,1,1,1,0,0,1,1,1,1,1,0,1,1,1,0,1,0,1,0,0,0,1,0,1,1,1,1,0,1,0,0,0,1,0,1,0,1,1,1,0,1,1,1,1,1,0,0,1,1,1,0,1,1,0,1,1,1,0,1,0,1,1,0,1,0,1,0,1,1,1,1,0,0,1,1,0.480467228,2.772347319,0.000201208,0.000121761,5.79e-10,0.8002715611697215,0.919768277422444
1,1,0,0,0,1,0,0,0,1,0,1,0,1,0,1,1,1,1,1,0,1,1,0,0,0,0,1,0,0,0,1,0,0,1,0,0,0,1,0,1,1,0,0,1,1,1,0,0,0,0,0,0,1,1,1,0,0,1,1,0,1,0,0,0,1,0,0,1,0,0,0,1,0,0,0,0,1,1,0,1,1,1,1,1,0,1,0,1,0,1,0,0,0,1,0,0,0,1,1,0.483259307,2.658474854,0.000203471,0.000137507,6.43e-10,0.7742454867449962,0.8866108881450852
1,1,0,0,0,1,0,1,0,1,0,1,1,0,0,0,1,1,1,1,1,1,0,0,1,0,0,0,1,0,0,1,0,0,1,1,0,0,0,0,1,0,0,1,0,0,1,1,0,0,0,0,1,1,0,0,1,0,0,1,0,0,0,0,1,1,0,0,1,0,0,1,0,0,0,1,0,0,1,1,1,1,1,1,0,0,0,1,1,0,1,0,1,0,1,0,0,0,1,1,0.481863068,2.72421681,0.000202336,0.000128196,6.13e-10,0.7891861567110325,0.9055435956086676
1,1,0,0,0,0,1,0,0,1,0,0,0,1,0,1,0,0,0,1,0,0,1,1,0,1,1,1,0,0,1,0,1,1,0,1,1,1,1,0,0,1,1,1,0,0,0,0,0,0,0,0,0,0,0,0,1,1,1,0,0,1,1,1,1,0,1,1,0,1,0,0,1,1,1,0,1,1,0,0,1,0,0,0,1,0,1,0,0,0,1,0,0,1,0,0,0,0,1,1,0.48465507,2.624529968,0.000204611,0.000143391,6.66e-10,0.7639329974423821,0.8744977625185889
1,1,0,0,0,0,1,1,0,1,0,0,1,1,0,1,0,1,0,1,1,1,0,1,0,1,0,0,1,0,1,0,0,1,0,0,1,1,1,0,0,1,1,0,0,0,0,0,0,0,0,0,0,0,0,0,0,1,1,0,0,1,1,1,0,0,1,0,0,1,0,1,0,0,1,0,1,0,1,1,1,0,1,0,1,0,1,1,0,0,1,0,1,1,0,0,0,0,1,1,0.480467415,2.745115951,0.000201208,0.000124505,5.66e-10,0.7987377031930758,0.9161471600707399
1,1,0,0,0,0,0,1,1,1,1,1,0,0,0,0,0,0,1,1,1,0,1,0,1,1,0,1,0,0,0,0,0,0,1,1,0,0,0,0,0,0,1,1,0,0,1,1,0,0,0,0,1,1,0,0,1,1,0,0,0,0,0,0,1,1,0,0,0,0,0,0,1,0,1,1,0,1,0,1,1,1,0,0,0,0,0,0,1,1,1,1,1,0,0,0,0,0,1,1,0.487446634,2.601104115,0.000206911,0.000149544,7.08e-10,0.7509970491456994,0.8604935574625048
1,1,0,0,0,0,1,1,1,1,1,1,1,1,1,1,0,0,1,1,1,0,1,1,0,0,1,1,1,0,1,0,1,0,1,1,0,1,1,0,0,1,0,1,0,0,1,0,1,0,0,1,0,1,0,0,1,0,1,0,0,1,1,0,1,1,0,1,0,1,0,1,1,1,0,0,1,1,0,1,1,1,0,0,1,1,1,1,1,1,1,1,1,1,0,0,0,0,1,1,0.481863193,2.720111199,0.000202337,0.000128364,5.87e-10,0.7917126241574555,0.9076374250021868
1,1,0,0,0,1,0,1,1,1,1,1,0,0,1,1,1,1,1,1,1,1,1,1,0,0,0,1,0,0,0,1,0,1,0,1,1,1,0,0,1,1,0,1,1,1,0,0,1,0,0,1,0,0,1,1,1,0,1,1,0,0,1,1,1,0,1,0,1,0,0,0,1,0,0,0,1,1,1,1,1,1,1,1,1,1,0,0,1,1,1,1,1,0,1,0,0,0,1,1,0.484654816,2.635386488,0.000204611,0.00014185,6.65e-10,0.766057759343789,0.8772214302389731
1,1,0,0,0,0,0,1,0,1,0,1,0,0,1,0,1,1,1,1,1,1,0,1,0,0,0,0,0,0,0,1,0,0,0,1,0,1,0,0,0,0,0,1,0,0,0,0,1,0,0,1,0,0,0,0,1,0,0,0,0,0,1,0,1,0,0,0,1,0,0,0,0,0,0,0,1,0,1,1,1,1,1,1,0,1,0,0,1,0,1,0,1,0,0,0,0,0,1,1,0.483259003,2.678434087,0.000203471,0.000134916,6.45e-10,0.7773626441663402,0.8909472035085848
1,1,0,0,0,1,0,1,1,1,1,0,1,0,1,0,0,1,0,1,1,1,0,1,1,1,0,0,1,0,0,0,0,0,1,1,0,1,0,0,1,0,1,1,0,0,1,1,1,0,0,1,1,1,0,0,1,1,0,1,0,0,1,0,1,1,0,0,0,0,0,1,0,0,1,1,1,0,1,1,1,0,1,0,0,1,0,1,0,1,1,1,1,0,1,0,0,0,1,1,0.480467307,2.779875079,0.000201208,0.000120962,5.76e-10,0.8014176236206328,0.9214532855487164
1,1,0,0,1,1,1,1,0,1,0,1,1,0,1,0,1,1,1,1,1,1,1,1,0,1,0,1,1,0,1,1,0,1,1,1,1,1,0,0,1,0,1,1,1,1,1,0,1,1,1,1,0,1,1,1,1,1,0,1,0,0,1,1,1,1,1,0,1,1,0,1,1,0,1,0,1,1,1,1,1,1,1,1,0,1,0,1,1,0,1,0,1,1,1,1,0,0,1,1,0.48325876,2.711475484,0.000203471,0.000130741,6.33e-10,0.7837798490339589,0.8994474870841527
1,1,0,0,0,0,0,0,1,1,1,0,0,1,0,1,0,1,0,1,0,1,0,1,0,0,0,0,0,0,0,0,0,0,0,1,0,1,1,0,0,1,0,1,1,1,0,0,0,0,0,0,0,0,1,1,1,0,1,0,0,1,1,0,1,0,0,0,0,0,0,0,0,0,0,0,1,0,1,0,1,0,1,0,1,0,1,0,0,1,1,1,0,0,0,0,0,0,1,1,0.484655167,2.636767728,0.000204611,0.000141724,6.71e-10,0.7656283702105086,0.8768714048794138
1,1,0,0,0,1,0,1,0,1,0,1,1,1,1,0,0,0,1,1,1,0,0,1,0,1,1,0,1,0,0,0,1,1,0,0,1,1,1,0,1,0,1,0,1,1,0,0,1,0,0,1,0,0,1,1,0,1,0,1,0,1,1,1,0,0,1,1,0,0,0,1,0,1,1,0,1,0,0,1,1,1,0,0,0,1,1,1,1,0,1,0,1,0,1,0,0,0,1,1,0.47907155,2.792301488,0.000200086,0.000118675,5.47e-10,0.8072042731699357,0.9278320891499258
1,1,0,0,0,0,0,1,1,1,1,1,1,1,1,0,0,0,1,1,1,0,1,0,1,0,1,1,1,0,0,0,1,1,0,1,1,0,1,0,0,0,0,1,0,0,0,1,1,0,0,1,1,0,0,0,1,0,0,0,0,1,0,1,1,0,1,1,0,0,0,1,1,1,0,1,0,1,0,1,1,1,0,0,0,1,1,1,1,1,1,1,1,0,0,0,0,0,1,1,0.484655055,2.646465503,0.000204611,0.000140289,6.63e-10,0.7683038349763053,0.8800943755574022
1,1,0,0,0,1,1,1,0,1,0,0,1,0,1,1,0,0,0,1,1,0,1,0,0,0,1,1,1,0,1,0,1,1,0,1,1,0,0,0,1,1,0,1,0,0,0,0,1,0,0,1,0,0,0,0,1,0,1,1,0,0,0,1,1,0,1,1,0,1,0,1,1,1,0,0,0,1,0,1,1,0,0,0,1,1,0,1,0,0,1,0,1,1,1,0,0,0,1,1,0.480467299,2.722781256,0.000201208,0.000127108,5.76e-10,0.7947444129056579,0.9106926561373543
1,1,0,0,0,0,1,0,1,1,1,0,1,1,0,1,1,1,0,1,0,1,0,1,1,1,0,0,1,0,1,1,0,0,1,1,0,1,1,0,0,1,1,1,1,1,1,1,0,0,0,0,1,1,1,1,1,1,1,0,0,1,1,0,1,1,0,0,1,1,0,1,0,0,1,1,1,0,1,0,1,0,1,1,1,0,1,1,0,1,1,1,0,1,0,0,0,0,1,1,0.483259115,2.688156084,0.000203471,0.000133634,6.36e-10,0.7798733872487839,0.8940387493731786
1,1,0,0,0,0,1,0,0,1,0,0,0,0,1,0,1,1,0,1,0,1,1,0,0,1,0,1,0,0,1,1,0,0,1,0,0,0,0,0,0,0,1,0,1,1,1,0,1,0,0,1,0,1,1,1,0,1,0,0,0,0,0,0,0,1,0,0,1,1,0,0,1,0,1,0,0,1,1,0,1,0,1,1,0,1,0,0,0,0,1,0,0,1,0,0,0,0,1,1,0.481863221,2.712623145,0.000202336,0.00012953,6.13e-10,0.7875862789090216,0.9031627464963574
1,1,0,0,0,1,0,1,1,1,1,0,1,1,1,0,1,1,0,1,1,1,0,0,1,0,1,0,1,0,0,1,1,1,0,1,1,0,1,0,1,0,0,1,0,0,0,1,1,0,0,1,1,0,0,0,1,0,0,1,0,1,0,1,1,0,1,1,1,0,0,1,0,1,0,1,0,0,1,1,1,0,1,1,0,1,1,1,0,1,1,1,1,0,1,0,0,0,1,1,0.479071599,2.803315435,0.000200086,0.000117488,5.37e-10,0.8094334198575789,0.9307976665371989
1,1,0,0,0,0,1,1,1,1,1,0,1,0,1,1,0,1,0,1,1,1,1,1,1,1,0,1,1,0,1,0,0,1,0,0,1,1,0,0,0,1,1,0,0,0,0,1,1,0,0,1,1,0,0,0,0,1,1,0,0,0,1,1,0,0,1,0,0,1,0,1,1,0,1,1,1,1,1,1,1,0,1,0,1,1,0,1,0,1,1,1,1,1,0,0,0,0,1,1,0.483258942,2.683846206,0.000203471,0.000134158,6.34e-10,0.7794131386426854,0.8932969764508121
1,1,0,0,0,1,1,1,0,1,0,0,0,1,1,0,1,1,0,1,1,1,1,0,1,0,0,1,0,0,1,1,0,0,1,0,0,0,1,0,1,0,0,0,1,1,1,1,1,0,0,1,1,1,1,1,0,0,0,1,0,1,0,0,0,1,0,0,1,1,0,0,1,0,0,1,0,1,1,1,1,0,1,1,0,1,1,0,0,0,1,0,1,1,1,0,0,0,1,1,0.481862946,2.693790936,0.000202336,0.000131606,5.97e-10,0.7868164139949492,0.9010845802721165
1,1,0,0,0,0,0,1,0,1,0,0,0,1,0,1,0,1,0,1,1,1,1,1,1,1,0,1,0,0,0,0,0,1,0,0,1,1,1,0,0,1,1,0,0,0,0,1,0,0,0,0,1,0,0,0,0,1,1,0,0,1,1,1,0,0,1,0,0,0,0,0,1,0,1,1,1,1,1,1,1,0,1,0,1,0,1,0,0,0,1,0,1,0,0,0,0,0,1,1,0.483259187,2.661499086,0.000203471,0.000136973,6.36e-10,0.7756439147350955,0.8881748449141557
1,1,0,0,0,1,1,0,1,1,1,0,1,1,0,1,1,1,0,1,0,1,1,0,0,0,1,1,1,0,1,1,1,0,0,0,0,0,1,0,1,1,0,0,1,1,0,0,0,0,0,0,0,0,1,1,0,0,1,1,0,1,0,0,0,0,0,1,1,1,0,1,1,1,0,0,0,1,1,0,1,0,1,1,1,0,1,1,0,1,1,1,0,1,1,0,0,0,1,1,0.484654849,2.648936134,0.000204611,0.000139978,6.59e-10,0.7691176631873766,0.8810444950151339
1,1,0,0,1,1,1,1,0,1,0,1,1,1,0,1,0,1,1,1,1,1,0,1,0,0,0,0,1,0,1,0,0,1,1,0,1,1,1,0,1,1,0,0,0,0,1,0,0,1,1,0,0,1,0,0,0,0,1,1,0,1,1,1,0,1,1,0,0,1,0,1,0,0,0,0,1,0,1,1,1,1,1,0,1,0,1,1,1,0,1,0,1,1,1,1,0,0,1,1,0.481863283,2.693734726,0.000202337,0.000131833,6.17e-10,0.7843797911116371,0.8987404518971196
1,1,0,0,1,1,1,1,0,1,0,0,0,1,1,1,0,1,0,1,1,1,1,0,1,0,1,1,0,0,1,0,1,1,1,0,1,0,1,0,1,1,0,0,0,0,1,1,1,1,1,1,1,1,0,0,0,0,1,1,0,1,0,1,0,1,1,1,0,1,0,0,1,1,0,1,0,1,1,1,1,0,1,0,1,1,1,0,0,0,1,0,1,1,1,1,0,0,1,1,0.481863269,2.699629474,0.000202337,0.000130977,6.06e-10,0.7865738337451009,0.9012583164752181
1,1,0,0,0,0,1,0,0,1,0,0,1,1,1,1,1,1,0,1,0,1,0,0,0,0,0,0,1,0,1,1,0,0,1,0,0,0,1,0,0,1,0,0,0,0,1,0,1,0,0,1,0,1,0,0,0,0,1,0,0,1,0,0,0,1,0,0,1,1,0,1,0,0,0,0,0,0,1,0,1,0,1,1,1,1,1,1,0,0,1,0,0,1,0,0,0,0,1,1,0.483259194,2.653112814,0.000203471,0.000138057,6.32e-10,0.7747013127680423,0.8867257147720353
1,1,0,0,0,1,1,1,1,1,1,0,0,1,1,0,0,1,0,1,1,1,0,1,0,0,0,0,0,0,1,0,0,0,0,0,0,1,1,0,1,0,0,0,1,1,0,0,1,0,0,1,0,0,1,1,0,0,0,1,0,1,1,0,0,0,0,0,0,1,0,0,0,0,0,0,1,0,1,1,1,0,1,0,0,1,1,0,0,1,1,1,1,1,1,0,0,0,1,1,0.484654747,2.63543226,0.000204611,0.00014184,6.65e-10,0.7660703312171857,0.8772367783003621
1,1,0,0,0,0,0,1,1,1,1,0,0,0,1,1,0,1,0,1,1,1,1,1,0,0,0,1,0,0,0,0,0,1,0,1,1,1,0,0,0,1,0,1,0,0,0,0,1,0,0,1,0,0,0,0,1,0,1,0,0,0,1,1,1,0,1,0,0,0,0,0,1,0,0,0,1,1,1,1,1,0,1,0,1,1,0,0,0,1,1,1,1,0,0,0,0,0,1,1,0.48465513,2.616389088,0.000204611,0.000144501,6.6e-10,0.7631161564621428,0.8732375904591514
1,1,0,0,0,0,1,0,1,1,1,1,1,0,0,1,0,1,1,1,0,1,1,0,0,0,1,1,1,0,1,0,1,1,1,0,1,0,0,0,0,1,0,0,0,0,1,0,0,0,0,0,0,1,0,0,0,0,1,0,0,0,0,1,0,1,1,1,0,1,0,1,1,1,0,0,0,1,1,0,1,1,1,0,1,0,0,1,1,1,1,1,0,1,0,0,0,0,1,1,0.484654722,2.660380529,0.000204611,0.000138354,6.56e-10,0.7715211729986058,0.8841228405720234
1,1,0,0,0,1,0,0,0,1,0,1,1,1,0,1,1,0,1,1,0,0,1,1,0,0,0,1,1,0,0,1,0,1,1,1,1,1,1,0,1,1,0,1,0,0,1,0,0,0,0,0,0,1,0,0,1,0,1,1,0,1,1,1,1,1,1,0,1,0,0,1,1,0,0,0,1,1,0,0,1,1,0,1,1,0,1,1,1,0,1,0,0,0,1,0,0,0,1,1,0.483259328,2.654234142,0.000203471,0.000138042,6.4e-10,0.773872707849447,0.8859758196106339
1,1,0,0,0,0,0,1,0,1,0,1,1,0,1,1,1,1,1,1,1,1,0,0,0,0,0,0,1,0,0,1,0,1,0,0,1,0,0,0,0,1,0,0,1,1,0,0,1,0,0,1,0,0,1,1,0,0,1,0,0,0,0,1,0,0,1,0,1,0,0,1,0,0,0,0,0,0,1,1,1,1,1,1,1,1,0,1,1,0,1,0,1,0,0,0,0,0,1,1,0.483259302,2.665604449,0.000203471,0.000136503,6.4e-10,0.775830967796747,0.8886174942440511
1,1,0,0,0,0,0,1,0,1,0,0,1,0,1,1,1,0,0,1,1,0,0,0,0,0,1,0,1,0,0,1,1,0,1,1,0,0,0,0,0,1,0,1,1,1,1,0,1,0,0,1,0,1,1,1,1,0,1,0,0,0,0,0,1,1,0,1,1,0,0,1,0,1,0,0,0,0,0,1,1,0,0,1,1,1,0,1,0,0,1,0,1,0,0,0,0,0,1,1,0.481863255,2.718475412,0.000202337,0.000128718,6.02e-10,0.7896821302576794,0.9055885611376183
1,1,0,0,0,1,0,0,0,1,0,1,1,1,0,0,1,1,1,1,0,1,0,1,1,0,0,0,1,0,0,1,0,1,0,1,1,1,1,0,1,0,0,1,0,0,0,1,0,0,0,0,1,0,0,0,1,0,0,1,0,1,1,1,1,0,1,0,1,0,0,1,0,0,0,1,1,0,1,0,1,1,1,1,0,0,1,1,1,0,1,0,0,0,1,0,0,0,1,1,0.481863416,2.692337724,0.000202337,0.000131916,6.1e-10,0.7850144653397853,0.8992545940809246
1,1,0,0,0,1,1,1,1,1,1,0,0,0,1,1,1,0,0,1,1,0,1,1,1,1,1,1,0,0,1,1,1,1,1,1,1,1,0,0,1,1,1,1,0,0,1,1,1,0,0,1,1,1,0,0,1,1,1,1,0,0,1,1,1,1,1,1,1,1,0,0,1,1,1,1,1,1,0,1,1,0,0,1,1,1,0,0,0,1,1,1,1,1,1,0,0,0,1,1,0.488841997,2.560068991,0.000208069,0.000157765,7.42e-10,0.7363735843944565,0.8438549983123945
1,1,0,0,0,1,0,0,0,1,0,1,0,1,0,0,1,1,1,1,0,1,0,1,0,0,0,0,0,0,0,1,0,1,1,0,1,1,1,0,1,0,0,0,1,1,1,0,0,0,0,0,0,1,1,1,0,0,0,1,0,1,1,1,0,1,1,0,1,0,0,0,0,0,0,0,1,0,1,0,1,1,1,1,0,0,1,0,1,0,1,0,0,0,1,0,0,0,1,1,0.4832591,2.650395515,0.000203471,0.00013846,6.37e-10,0.773650254607818,0.8855333385804509
1,1,0,0,0,0,1,0,1,1,1,0,1,0,0,1,1,0,0,1,0,0,1,0,0,1,1,1,1,0,1,1,1,1,1,1,1,0,0,0,0,1,1,1,1,1,1,0,0,0,0,0,0,1,1,1,1,1,1,0,0,0,0,1,1,1,1,1,1,1,0,1,1,1,1,0,0,1,0,0,1,0,0,1,1,0,0,1,0,1,1,1,0,1,0,0,0,0,1,1,0.487446784,2.584013429,0.000206911,0.000152275,7.12e-10,0.7469348229028977,0.8555525303803033
1,1,0,0,0,0,0,1,1,1,1,0,0,1,0,1,0,0,0,1,1,0,1,1,1,1,1,1,0,0,0,0,1,1,1,1,1,1,1,0,0,1,1,1,0,0,1,1,0,0,0,0,1,1,0,0,1,1,1,0,0,1,1,1,1,1,1,1,0,0,0,0,1,1,1,1,1,1,0,1,1,0,0,0,1,0,1,0,0,1,1,1,1,0,0,0,0,0,1,1,0.487446785,2.582733515,0.000206911,0.000152644,7.26e-10,0.7450895472132347,0.8536154831045579
1,1,0,0,0,1,1,1,0,1,0,0,1,0,1,0,1,0,0,1,1,0,0,0,1,0,0,0,1,0,1,1,0,0,1,1,0,0,0,0,1,0,0,1,0,0,1,1,1,0,0,1,1,1,0,0,1,0,0,1,0,0,0,0,1,1,0,0,1,1,0,1,0,0,0,1,0,0,0,1,1,0,0,1,0,1,0,1,0,0,1,0,1,1,1,0,0,0,1,1,0.480467133,2.746489808,0.000201208,0.000124479,5.75e-10,0.7977610025473114,0.9153348862695624
1,1,0,0,1,1,1,1,1,1,1,0,1,1,1,1,1,1,0,1,1,1,1,0,1,0,0,1,1,0,1,1,0,1,0,0,1,0,1,0,1,1,0,0,0,0,0,1,1,1,1,1,1,0,0,0,0,0,1,1,0,1,0,1,0,0,1,0,1,1,0,1,1,0,0,1,0,1,1,1,1,0,1,1,1,1,1,1,0,1,1,1,1,1,1,1,0,0,1,1,0.484654799,2.668829626,0.000204611,0.000137261,6.6e-10,0.7725536560164378,0.8856732312080219
1,1,0,0,0,1,1,0,1,1,1,1,0,1,1,0,0,1,1,1,0,1,0,1,1,0,1,0,0,0,1,0,1,1,1,1,1,1,1,0,1,0,0,1,1,1,1,1,1,0,0,1,1,1,1,1,1,0,0,1,0,1,1,1,1,1,1,1,0,1,0,0,0,1,0,1,1,0,1,0,1,1,1,0,0,1,1,0,1,1,1,1,0,1,1,0,0,0,1,1,0.484654482,2.654880391,0.000204611,0.000138945,6.46e-10,0.7717672735469795,0.8840268992678703
1,1,0,0,0,0,0,0,1,1,1,0,1,1,1,1,0,0,0,1,0,0,1,0,1,0,0,1,1,0,0,0,0,1,0,1,1,0,1,0,0,1,0,1,0,0,0,1,1,0,0,1,1,0,0,0,1,0,1,0,0,1,0,1,1,0,1,0,0,0,0,1,1,0,0,1,0,1,0,0,1,0,0,0,1,1,1,1,0,1,1,1,0,0,0,0,0,0,1,1,0.48325951,2.689550213,0.000203471,0.000133316,6.22e-10,0.7816894782566091,0.8958927246259815
1,1,0,0,0,0,1,0,0,1,0,0,1,0,0,0,1,0,0,1,0,0,0,1,1,1,1,0,1,0,1,1,1,1,1,1,1,1,0,0,0,0,1,1,1,1,1,1,0,0,0,0,1,1,1,1,1,1,0,0,0,0,1,1,1,1,1,1,1,1,0,1,0,1,1,1,1,0,0,0,1,0,0,1,0,0,0,1,0,0,1,0,0,1,0,0,0,0,1,1,0.487446368,2.597350326,0.00020691,0.000150062,7.07e-10,0.7503868338461983,0.8596920642386157
1,1,0,0,0,1,0,0,1,1,1,0,0,0,0,0,0,0,0,1,0,0,1,0,0,0,0,1,0,0,0,0,0,1,0,0,1,0,0,0,1,0,0,0,1,1,0,0,0,0,0,0,0,0,1,1,0,0,0,1,0,0,0,1,0,0,1,0,0,0,0,0,1,0,0,0,0,1,0,0,1,0,0,0,0,0,0,0,0,1,1,1,0,0,1,0,0,0,1,1,0.487446463,2.619994302,0.00020691,0.000146693,7.12e-10,0.7544848937796568,0.8649893329544256
1,1,0,0,0,0,1,0,0,1,0,0,1,0,0,1,0,0,0,1,0,0,1,1,0,0,1,1,1,0,1,0,1,0,1,1,0,1,0,0,0,1,0,1,1,1,1,0,0,0,0,0,0,1,1,1,1,0,1,0,0,0,1,0,1,1,0,1,0,1,0,1,1,1,0,0,1,1,0,0,1,0,0,0,1,0,0,1,0,0,1,0,0,1,0,0,0,0,1,1,0.481863207,2.742030941,0.000202336,0.000126055,6e-10,0.7929868850005476,0.9105047858232831
1,1,0,0,0,0,0,0,1,1,1,1,1,0,0,1,0,1,1,1,0,1,0,0,1,1,1,0,1,0,0,0,1,0,1,1,0,0,0,0,0,1,1,1,0,0,1,1,0,0,0,0,1,1,0,0,1,1,1,0,0,0,0,0,1,1,0,1,0,0,0,1,0,1,1,1,0,0,1,0,1,1,1,0,1,0,0,1,1,1,1,1,0,0,0,0,0,0,1,1,0.486050908,2.631507518,0.000205758,0.000143737,6.9e-10,0.7608203918956936,0.8718726165105204
1,1,0,0,0,1,0,0,0,1,0,1,0,1,0,1,0,1,1,1,0,1,0,1,0,1,0,0,0,0,0,0,0,0,1,0,0,1,1,0,1,1,1,0,0,0,1,0,0,0,0,0,0,1,0,0,0,1,1,1,0,1,1,0,0,1,0,0,0,0,0,0,0,0,1,0,1,0,1,0,1,1,1,0,1,0,1,0,1,0,1,0,0,0,1,0,0,0,1,1,0.481863477,2.683986907,0.000202337,0.000132841,6.05e-10,0.7844393799173838,0.8981361903717549
1,1,0,0,0,0,1,1,1,1,1,1,1,0,0,1,1,0,1,1,1,0,1,1,0,0,0,1,1,0,1,1,0,1,0,1,1,1,0,0,0,1,0,1,1,1,0,0,0,0,0,0,0,0,1,1,1,0,1,0,0,0,1,1,1,0,1,0,1,1,0,1,1,0,0,0,1,1,0,1,1,1,0,1,1,0,0,1,1,1,1,1,1,1,0,0,0,0,1,1,0.484654921,2.636809844,0.000204611,0.000141732,6.71e-10,0.7656198702068786,0.876864107646558
1,1,0,0,0,0,1,0,0,1,0,1,0,1,0,1,1,1,1,1,0,1,1,1,0,0,1,1,0,0,1,1,1,0,1,1,0,1,1,0,0,1,0,1,1,1,1,0,0,0,0,0,0,1,1,1,1,0,1,0,0,1,1,0,1,1,0,1,1,1,0,0,1,1,0,0,1,1,1,0,1,1,1,1,1,0,1,0,1,0,1,0,0,1,0,0,0,0,1,1,0.48325911,2.673951778,0.000203471,0.000135491,6.43e-10,0.7768252399696258,0.8901231612213837
1,1,0,0,0,1,1,0,0,1,0,1,1,0,1,1,0,0,1,1,0,0,0,0,0,0,1,0,1,0,1,0,1,1,1,0,1,0,0,0,1,1,0,0,0,0,1,0,1,0,0,1,0,1,0,0,0,0,1,1,0,0,0,1,0,1,1,1,0,1,0,1,0,1,0,0,0,0,0,0,1,1,0,0,1,1,0,1,1,0,1,0,0,1,1,0,0,0,1,1,0.48186335,2.67805068,0.000202337,0.000133743,6.18e-10,0.7819229744283219,0.8953016603061061
1,1,0,0,0,1,1,1,0,1,0,1,0,0,1,1,1,0,1,1,1,0,0,1,0,0,1,0,0,0,1,1,1,0,0,1,0,1,0,0,1,1,0,1,0,0,0,0,1,0,0,1,0,0,0,0,1,0,1,1,0,0,1,0,1,0,0,1,1,1,0,0,0,1,0,0,1,0,0,1,1,1,0,1,1,1,0,0,1,0,1,0,1,1,1,0,0,0,1,1,0.480467133,2.770730693,0.000201208,0.000121881,5.73e-10,0.800761053218372,0.9200843965062864
1,1,0,0,0,0,0,0,1,1,1,0,1,1,1,0,0,1,0,1,0,1,0,0,1,1,1,0,1,0,0,0,1,1,1,0,1,0,1,0,0,0,1,0,0,0,1,1,1,0,0,1,1,1,0,0,0,1,0,0,0,1,0,1,0,1,1,1,0,0,0,1,0,1,1,1,0,0,1,0,1,0,1,0,0,1,1,1,0,1,1,1,0,0,0,0,0,0,1,1,0.483259661,2.689578869,0.000203471,0.000133313,6.22e-10,0.7816932368505254,0.8958982129558296
1,1,0,0,0,0,0,1,1,1,1,1,1,0,0,1,0,1,1,1,1,1,0,1,1,0,0,0,1,0,0,0,0,1,1,0,1,1,0,0,0,1,0,0,0,0,1,1,0,0,0,0,1,1,0,0,0,0,1,0,0,0,1,1,0,1,1,0,0,0,0,1,0,0,0,1,1,0,1,1,1,1,1,0,1,0,0,1,1,1,1,1,1,0,0,0,0,0,1,1,0.486050821,2.623409138,0.000205758,0.000144867,6.86e-10,0.7596898292602391,0.8702938622880356
1,1,0,0,0,1,1,0,1,1,1,0,0,1,1,0,1,0,0,1,0,0,0,0,0,1,1,0,0,0,1,1,1,0,0,0,0,0,1,0,1,0,1,0,1,1,0,0,1,0,0,1,0,0,1,1,0,1,0,1,0,1,0,0,0,0,0,1,1,1,0,0,0,1,1,0,0,0,0,0,1,0,0,1,0,1,1,0,0,1,1,1,0,1,1,0,0,0,1,1,0.483258976,2.664172359,0.000203471,0.00013662,6.31e-10,0.7766228194672861,0.8892925752929535
1,1,0,0,0,1,1,0,0,1,0,0,0,0,0,0,1,1,0,1,0,1,1,0,1,1,1,1,0,0,1,1,1,0,0,0,0,0,0,0,1,0,1,0,1,1,0,1,0,0,0,0,1,0,1,1,0,1,0,1,0,0,0,0,0,0,0,1,1,1,0,0,1,1,1,1,0,1,1,0,1,0,1,1,0,0,0,0,0,0,1,0,0,1,1,0,0,0,1,1,0.484654804,2.613698596,0.000204611,0.000144982,6.7e-10,0.7614265474920149,0.8714099039323167
1,1,0,0,1,1,1,1,1,1,1,0,0,0,0,0,1,0,0,1,1,0,0,1,0,1,0,0,0,0,1,1,0,0,0,1,0,1,0,0,1,0,1,1,1,1,0,0,0,1,1,0,0,0,1,1,1,1,0,1,0,0,1,0,1,0,0,0,1,1,0,0,0,0,1,0,1,0,0,1,1,0,0,1,0,0,0,0,0,1,1,1,1,1,1,1,0,0,1,1,0.484654971,2.628524965,0.000204611,0.000142872,6.68e-10,0.7644153281973869,0.8751951985680734
1,1,0,0,0,1,1,1,1,1,1,1,1,1,1,1,0,0,1,1,1,0,1,1,0,1,1,1,1,0,1,0,1,0,1,1,0,1,1,0,1,1,1,1,0,0,1,0,1,0,0,1,0,1,0,0,1,1,1,1,0,1,1,0,1,1,0,1,0,1,0,1,1,1,1,0,1,1,0,1,1,1,0,0,1,1,1,1,1,1,1,1,1,1,1,0,0,0,1,1,0.483258827,2.668649147,0.000203471,0.000136003,6.32e-10,0.7772890654985403,0.890240561044063
1,1,0,0,0,1,1,0,1,1,1,0,1,1,0,0,1,1,0,1,0,1,1,0,0,1,1,1,1,0,1,1,1,1,0,0,1,0,1,0,1,0,1,0,1,1,0,0,0,0,0,0,0,0,1,1,0,1,0,1,0,1,0,1,0,0,1,1,1,1,0,1,1,1,1,0,0,1,1,0,1,0,1,1,0,0,1,1,0,1,1,1,0,1,1,0,0,0,1,1,0.481863359,2.719734911,0.000202337,0.000128695,6.11e-10,0.7887885713492616,0.904827103504476
1,1,0,0,0,1,1,1,0,1,0,0,1,1,0,1,1,0,0,1,1,0,1,0,0,1,0,1,1,0,1,1,0,1,1,1,1,0,1,0,1,1,1,1,1,1,1,0,0,0,0,0,0,1,1,1,1,1,1,1,0,1,0,1,1,1,1,0,1,1,0,1,1,0,1,0,0,1,0,1,1,0,0,1,1,0,1,1,0,0,1,0,1,1,1,0,0,0,1,1,0.481862934,2.717007565,0.000202336,0.000128833,5.95e-10,0.790293449469396,0.9060627251875214
